# Blender 5.1.2
# www.blender.org
mtllib Black_queen.mtl
o queen_black_low
v -0.193962 0.218416 -1.405092
v -0.244585 0.218416 -1.416646
v -0.153366 0.218416 -1.372718
v -0.130836 0.218416 -1.325936
v -0.130836 0.218416 -1.274011
v -0.153365 0.218416 -1.227228
v -0.193961 0.218416 -1.194854
v -0.244584 0.218416 -1.183299
v -0.201234 0.177653 -1.389993
v -0.244585 0.177653 -1.399888
v -0.166468 0.177653 -1.362269
v -0.147175 0.177653 -1.322206
v -0.147174 0.177653 -1.277740
v -0.166467 0.177653 -1.237677
v -0.201232 0.177653 -1.209952
v -0.244584 0.177653 -1.200057
v -0.190971 0.207904 -1.411303
v -0.244585 0.207904 -1.423540
v -0.147976 0.207904 -1.377016
v -0.124115 0.207904 -1.327470
v -0.124115 0.207904 -1.272477
v -0.147975 0.207904 -1.222930
v -0.244584 0.226650 -1.200361
v -0.190970 0.207904 -1.188643
v -0.203143 0.226650 -1.210226
v -0.244584 0.207904 -1.176405
v -0.168483 0.226650 -1.237866
v -0.149249 0.226650 -1.277808
v -0.149249 0.226650 -1.322139
v -0.168484 0.226650 -1.362080
v -0.244585 0.226650 -1.399584
v -0.203144 0.226650 -1.389719
v -0.190971 0.198597 -1.411303
v -0.194010 0.188517 -1.404994
v -0.244585 0.188517 -1.416537
v -0.244585 0.198597 -1.423540
v -0.147976 0.198597 -1.377016
v -0.153451 0.188517 -1.372650
v -0.124115 0.198597 -1.327470
v -0.130942 0.188517 -1.325911
v -0.124115 0.198597 -1.272477
v -0.130942 0.188517 -1.274035
v -0.147975 0.198597 -1.222930
v -0.153450 0.188517 -1.227296
v -0.190970 0.198597 -1.188643
v -0.194008 0.188517 -1.194952
v -0.244584 0.198597 -1.176405
v -0.244584 0.188517 -1.183408
v -0.192306 0.165379 -1.408533
v -0.188312 0.158056 -1.416825
v -0.244585 0.158056 -1.429669
v -0.244585 0.165379 -1.420465
v -0.150380 0.165379 -1.375099
v -0.143185 0.158056 -1.380837
v -0.127113 0.165379 -1.326785
v -0.118140 0.158056 -1.328833
v -0.127113 0.165379 -1.273161
v -0.118140 0.158056 -1.271113
v -0.150379 0.165379 -1.224847
v -0.143183 0.158056 -1.219109
v -0.192304 0.165379 -1.191413
v -0.188311 0.158056 -1.183121
v -0.244584 0.165379 -1.179480
v -0.244584 0.158056 -1.170276
v -0.188312 0.149898 -1.416825
v -0.192663 0.141956 -1.407791
v -0.244585 0.141956 -1.419642
v -0.244585 0.149898 -1.429669
v -0.143185 0.149898 -1.380837
v -0.151024 0.141956 -1.374586
v -0.118140 0.149898 -1.328833
v -0.127916 0.141956 -1.326602
v -0.118140 0.149898 -1.271113
v -0.127915 0.141956 -1.273344
v -0.143183 0.149898 -1.219109
v -0.151023 0.141956 -1.225360
v -0.188311 0.149898 -1.183121
v -0.192661 0.141956 -1.192154
v -0.244584 0.149898 -1.170276
v -0.244584 0.141956 -1.180303
v -0.244585 0.141956 -1.299973
v -0.244584 0.236933 -1.209699
v -0.205416 0.236933 -1.218639
v -0.174006 0.236933 -1.243689
v -0.156575 0.236933 -1.279885
v -0.156575 0.236933 -1.320061
v -0.174007 0.236933 -1.356257
v -0.244585 0.236933 -1.390246
v -0.205417 0.236933 -1.381306
v -0.244584 0.328894 -1.243248
v -0.219972 0.328894 -1.248866
v -0.200235 0.328894 -1.264606
v -0.189282 0.328894 -1.287351
v -0.189282 0.328894 -1.312595
v -0.200236 0.328894 -1.335340
v -0.244585 0.328894 -1.356697
v -0.219973 0.328894 -1.351080
v -0.209707 0.241827 -1.372398
v -0.244585 0.241827 -1.380358
v -0.181737 0.241827 -1.350093
v -0.166214 0.241827 -1.317861
v -0.166214 0.241827 -1.282086
v -0.181736 0.241827 -1.249853
v -0.209706 0.241827 -1.227548
v -0.244584 0.241827 -1.219587
v -0.244584 0.371006 -1.250300
v -0.223032 0.371006 -1.255220
v -0.205749 0.371006 -1.269003
v -0.196158 0.371006 -1.288920
v -0.196158 0.371006 -1.311026
v -0.205750 0.371006 -1.330943
v -0.244585 0.371006 -1.349645
v -0.223033 0.371006 -1.344726
v -0.181397 0.290474 -1.285551
v -0.181397 0.290474 -1.314395
v -0.193912 0.290474 -1.259563
v -0.216463 0.290474 -1.241579
v -0.244585 0.290474 -1.364785
v -0.244584 0.290474 -1.235160
v -0.216464 0.290474 -1.358367
v -0.193913 0.290474 -1.340383
v -0.244584 0.418351 -1.253855
v -0.224574 0.418351 -1.258422
v -0.208528 0.418351 -1.271219
v -0.199623 0.418351 -1.289711
v -0.199623 0.418351 -1.310235
v -0.208528 0.418351 -1.328727
v -0.244585 0.418351 -1.346090
v -0.224575 0.418351 -1.341524
v -0.244584 0.515384 -1.245990
v -0.221162 0.515384 -1.251336
v -0.202379 0.515384 -1.266315
v -0.191955 0.515384 -1.287961
v -0.191955 0.515384 -1.311985
v -0.202379 0.515384 -1.333631
v -0.244585 0.515384 -1.353955
v -0.221163 0.515384 -1.348610
v -0.244584 0.534026 -1.254305
v -0.224770 0.534026 -1.258827
v -0.208880 0.534026 -1.271499
v -0.200062 0.534026 -1.289811
v -0.200062 0.534026 -1.310135
v -0.208880 0.534026 -1.328446
v -0.244585 0.534026 -1.345640
v -0.224770 0.534026 -1.341118
v -0.244584 0.522164 -1.222062
v -0.244584 0.516382 -1.227382
v -0.244584 0.518075 -1.223620
v -0.213088 0.516382 -1.234571
v -0.210780 0.522164 -1.229777
v -0.211456 0.518075 -1.231181
v -0.187831 0.516382 -1.254713
v -0.183671 0.522164 -1.251396
v -0.184889 0.518075 -1.252368
v -0.173814 0.516382 -1.283820
v -0.168627 0.522164 -1.282636
v -0.170146 0.518075 -1.282983
v -0.173814 0.516382 -1.316126
v -0.168627 0.522164 -1.317310
v -0.170146 0.518075 -1.316963
v -0.187831 0.516382 -1.345232
v -0.183672 0.522164 -1.348550
v -0.184890 0.518075 -1.347578
v -0.244585 0.516382 -1.372563
v -0.244585 0.522164 -1.377883
v -0.244585 0.518075 -1.376325
v -0.213089 0.516382 -1.365375
v -0.210781 0.522164 -1.370168
v -0.211457 0.518075 -1.368764
v -0.244584 0.533028 -1.227382
v -0.244584 0.527246 -1.222062
v -0.244584 0.531335 -1.223620
v -0.210780 0.527246 -1.229777
v -0.213088 0.533028 -1.234571
v -0.211456 0.531335 -1.231181
v -0.183671 0.527246 -1.251396
v -0.187831 0.533028 -1.254713
v -0.184889 0.531335 -1.252368
v -0.168627 0.527246 -1.282636
v -0.173814 0.533028 -1.283820
v -0.170146 0.531335 -1.282983
v -0.168627 0.527246 -1.317310
v -0.173814 0.533028 -1.316126
v -0.170146 0.531335 -1.316963
v -0.183672 0.527246 -1.348550
v -0.187831 0.533028 -1.345232
v -0.184890 0.531335 -1.347578
v -0.244585 0.527246 -1.377883
v -0.244585 0.533028 -1.372563
v -0.244585 0.531335 -1.376325
v -0.210781 0.527246 -1.370168
v -0.213089 0.533028 -1.365375
v -0.211457 0.531335 -1.368764
v -0.244585 0.540326 -1.356213
v -0.220183 0.540326 -1.350643
v -0.200615 0.540326 -1.335038
v -0.189755 0.540326 -1.312487
v -0.189755 0.540326 -1.287458
v -0.200614 0.540326 -1.264908
v -0.220183 0.540326 -1.249302
v -0.244584 0.540326 -1.243732
v -0.244584 0.552045 -1.254973
v -0.244584 0.545061 -1.243732
v -0.220183 0.545061 -1.249302
v -0.225060 0.552045 -1.259430
v -0.200614 0.545061 -1.264908
v -0.209403 0.552045 -1.271916
v -0.189755 0.545061 -1.287458
v -0.200713 0.552045 -1.289960
v -0.189755 0.545061 -1.312487
v -0.200714 0.552045 -1.309986
v -0.200615 0.545061 -1.335038
v -0.209403 0.552045 -1.328029
v -0.244585 0.545061 -1.356213
v -0.244585 0.552045 -1.344972
v -0.220183 0.545061 -1.350643
v -0.225060 0.552045 -1.340516
v -0.244585 0.537074 -1.354356
v -0.202066 0.537074 -1.333881
v -0.191564 0.537074 -1.287871
v -0.220988 0.537074 -1.250975
v -0.202065 0.537074 -1.266065
v -0.191564 0.537074 -1.312074
v -0.244584 0.537074 -1.245589
v -0.220989 0.537074 -1.348971
v -0.221031 0.548603 -1.251064
v -0.244584 0.548603 -1.245689
v -0.202143 0.548603 -1.266127
v -0.191662 0.548603 -1.287894
v -0.191662 0.548603 -1.312052
v -0.202144 0.548603 -1.333818
v -0.221032 0.548603 -1.348881
v -0.244585 0.548603 -1.354257
v -0.244584 0.467903 -1.253330
v -0.224347 0.467903 -1.257949
v -0.208118 0.467903 -1.270892
v -0.199111 0.467903 -1.289594
v -0.199111 0.467903 -1.310352
v -0.208118 0.467903 -1.329054
v -0.224347 0.467903 -1.341996
v -0.244585 0.467903 -1.346615
v -0.244584 0.566196 -1.254973
v -0.225060 0.566196 -1.259430
v -0.209403 0.566196 -1.271916
v -0.200713 0.566196 -1.289960
v -0.200714 0.566196 -1.309986
v -0.209403 0.566196 -1.328029
v -0.244585 0.566196 -1.344972
v -0.225060 0.566196 -1.340516
v -0.205875 0.569193 -1.269103
v -0.196315 0.569193 -1.288956
v -0.196315 0.569193 -1.310990
v -0.205875 0.569193 -1.330842
v -0.223103 0.569193 -1.344581
v -0.244585 0.569193 -1.349484
v -0.244584 0.569193 -1.250461
v -0.223102 0.569193 -1.255365
v -0.244584 0.572190 -1.254961
v -0.225055 0.572190 -1.259419
v -0.209393 0.572190 -1.271909
v -0.200702 0.572190 -1.289957
v -0.200702 0.572190 -1.309989
v -0.209394 0.572190 -1.328037
v -0.244585 0.572190 -1.344984
v -0.225055 0.572190 -1.340526
v -0.244584 0.593452 -1.248926
v -0.222436 0.593452 -1.253981
v -0.204674 0.593452 -1.268146
v -0.194818 0.593452 -1.288614
v -0.194818 0.593452 -1.311332
v -0.204675 0.593452 -1.331800
v -0.244585 0.593452 -1.351019
v -0.222437 0.593452 -1.345964
v -0.244584 0.620276 -1.236934
v -0.217233 0.620276 -1.243177
v -0.195299 0.620276 -1.260669
v -0.183127 0.620276 -1.285946
v -0.183127 0.620276 -1.314000
v -0.195300 0.620276 -1.339276
v -0.244585 0.620275 -1.363011
v -0.217234 0.620275 -1.356768
v -0.244584 0.645518 -1.221721
v -0.210632 0.645518 -1.229471
v -0.183405 0.645518 -1.251184
v -0.168295 0.645518 -1.282561
v -0.168296 0.645518 -1.317386
v -0.183406 0.645518 -1.348762
v -0.244585 0.645518 -1.378224
v -0.210633 0.645518 -1.370475
v -0.244584 0.645518 -1.233408
v -0.215703 0.645518 -1.240000
v -0.192542 0.645518 -1.258471
v -0.179689 0.645518 -1.285161
v -0.179689 0.645518 -1.314785
v -0.192543 0.645518 -1.341475
v -0.244585 0.645518 -1.366537
v -0.215704 0.645518 -1.359945
v -0.244606 0.631478 -1.242774
v -0.219794 0.631478 -1.248427
v -0.199892 0.631478 -1.264286
v -0.188841 0.631478 -1.287210
v -0.188832 0.631478 -1.312658
v -0.199865 0.631478 -1.335591
v -0.244563 0.631478 -1.357137
v -0.219755 0.631478 -1.351465
v -0.175711 0.632897 -1.284253
v -0.175711 0.632897 -1.315693
v -0.189353 0.632897 -1.344019
v -0.213934 0.632897 -1.363621
v -0.244585 0.632897 -1.370617
v -0.244584 0.632897 -1.229328
v -0.213933 0.632897 -1.236324
v -0.189352 0.632897 -1.255927
v -0.212347 0.638114 -1.247988
v -0.201077 0.638114 -1.256976
v -0.207728 0.635208 -1.253757
v -0.192984 0.638114 -1.267124
v -0.186730 0.638114 -1.280111
v -0.191326 0.635208 -1.274325
v -0.183842 0.638114 -1.292765
v -0.183842 0.638114 -1.307180
v -0.185472 0.635208 -1.299973
v -0.186730 0.638114 -1.319835
v -0.192985 0.638114 -1.332822
v -0.191326 0.635208 -1.325621
v -0.201077 0.638114 -1.342970
v -0.212347 0.638114 -1.351957
v -0.207729 0.635208 -1.346189
v -0.224042 0.638114 -1.357589
v -0.238095 0.638114 -1.360796
v -0.231431 0.635208 -1.357603
v -0.238094 0.638114 -1.239149
v -0.224041 0.638114 -1.242356
v -0.231430 0.635208 -1.242342
v -0.193217 0.638727 -1.248462
v -0.205796 0.638727 -1.238432
v -0.200391 0.636312 -1.244556
v -0.175955 0.638727 -1.275851
v -0.182935 0.638727 -1.261356
v -0.180724 0.636312 -1.269219
v -0.172285 0.638727 -1.308017
v -0.172285 0.638727 -1.291929
v -0.173704 0.636312 -1.299973
v -0.182936 0.638727 -1.338590
v -0.175955 0.638727 -1.324095
v -0.180724 0.636312 -1.330727
v -0.205796 0.638727 -1.361514
v -0.193218 0.638727 -1.351483
v -0.200392 0.636312 -1.355389
v -0.236340 0.638727 -1.372249
v -0.220655 0.638727 -1.368669
v -0.228813 0.636312 -1.369076
v -0.220654 0.638727 -1.231276
v -0.236338 0.638727 -1.227696
v -0.193075 0.631478 -1.275126
v -0.187403 0.631478 -1.299934
v -0.228812 0.636312 -1.230870
v -0.229258 0.632897 -1.232826
v -0.201642 0.632897 -1.246125
v -0.182532 0.632897 -1.270090
v -0.175711 0.632897 -1.299973
v -0.182532 0.632897 -1.329856
v -0.201643 0.632897 -1.353820
v -0.229259 0.632897 -1.367119
v -0.208949 0.631478 -1.255235
v -0.231882 0.631478 -1.244202
v -0.193056 0.631478 -1.324746
v -0.208915 0.631478 -1.344648
v -0.231839 0.631478 -1.355699
v -0.295208 0.218416 -1.405092
v -0.335804 0.218416 -1.372717
v -0.358333 0.218416 -1.325934
v -0.358333 0.218416 -1.274009
v -0.335803 0.218416 -1.227227
v -0.295207 0.218416 -1.194853
v -0.287937 0.177653 -1.389993
v -0.322702 0.177653 -1.362268
v -0.341995 0.177653 -1.322205
v -0.341995 0.177653 -1.277739
v -0.322701 0.177653 -1.237676
v -0.287936 0.177653 -1.209952
v -0.298199 0.207904 -1.411303
v -0.341194 0.207904 -1.377015
v -0.365054 0.207904 -1.327468
v -0.365054 0.207904 -1.272475
v -0.341193 0.207904 -1.222929
v -0.298198 0.207904 -1.188642
v -0.286025 0.226650 -1.210225
v -0.320685 0.226650 -1.237865
v -0.339920 0.226650 -1.277806
v -0.339920 0.226650 -1.322137
v -0.320686 0.226650 -1.362079
v -0.286027 0.226650 -1.389719
v -0.298199 0.198597 -1.411303
v -0.295161 0.188517 -1.404993
v -0.341194 0.198597 -1.377015
v -0.335719 0.188517 -1.372649
v -0.365054 0.198597 -1.327468
v -0.358227 0.188517 -1.325910
v -0.365054 0.198597 -1.272475
v -0.358227 0.188517 -1.274034
v -0.341193 0.198597 -1.222929
v -0.335718 0.188517 -1.227295
v -0.298198 0.198597 -1.188642
v -0.295159 0.188517 -1.194951
v -0.296865 0.165379 -1.408532
v -0.300859 0.158056 -1.416824
v -0.338790 0.165379 -1.375098
v -0.345986 0.158056 -1.380836
v -0.362056 0.165379 -1.326784
v -0.371029 0.158056 -1.328832
v -0.362056 0.165379 -1.273160
v -0.371029 0.158056 -1.271111
v -0.338789 0.165379 -1.224846
v -0.345985 0.158056 -1.219108
v -0.296864 0.165379 -1.191412
v -0.300857 0.158056 -1.183120
v -0.300859 0.149898 -1.416824
v -0.296508 0.141956 -1.407791
v -0.345986 0.149898 -1.380836
v -0.338146 0.141956 -1.374585
v -0.371029 0.149898 -1.328832
v -0.361254 0.141956 -1.326601
v -0.371029 0.149898 -1.271111
v -0.361254 0.141956 -1.273343
v -0.345985 0.149898 -1.219108
v -0.338145 0.141956 -1.225359
v -0.300857 0.149898 -1.183120
v -0.296506 0.141956 -1.192154
v -0.283752 0.236933 -1.218639
v -0.315163 0.236933 -1.243688
v -0.332594 0.236933 -1.279884
v -0.332594 0.236933 -1.320060
v -0.315163 0.236933 -1.356256
v -0.283753 0.236933 -1.381305
v -0.269196 0.328894 -1.248865
v -0.288933 0.328894 -1.264605
v -0.299887 0.328894 -1.287350
v -0.299887 0.328894 -1.312595
v -0.288934 0.328894 -1.335339
v -0.269197 0.328894 -1.351079
v -0.279463 0.241827 -1.372397
v -0.307433 0.241827 -1.350092
v -0.322955 0.241827 -1.317859
v -0.322955 0.241827 -1.282084
v -0.307432 0.241827 -1.249852
v -0.279462 0.241827 -1.227547
v -0.266136 0.371006 -1.255219
v -0.283420 0.371006 -1.269002
v -0.293011 0.371006 -1.288919
v -0.293011 0.371006 -1.311025
v -0.283420 0.371006 -1.330942
v -0.266137 0.371006 -1.344725
v -0.307772 0.290474 -1.285550
v -0.307772 0.290474 -1.314394
v -0.295257 0.290474 -1.259562
v -0.272705 0.290474 -1.241578
v -0.272706 0.290474 -1.358366
v -0.295257 0.290474 -1.340382
v -0.264594 0.418351 -1.258422
v -0.280641 0.418351 -1.271218
v -0.289546 0.418351 -1.289710
v -0.289546 0.418351 -1.310234
v -0.280641 0.418351 -1.328726
v -0.264595 0.418351 -1.341523
v -0.268007 0.515384 -1.251335
v -0.286790 0.515384 -1.266314
v -0.297214 0.515384 -1.287960
v -0.297214 0.515384 -1.311985
v -0.286790 0.515384 -1.333630
v -0.268007 0.515384 -1.348609
v -0.264399 0.534026 -1.258827
v -0.280289 0.534026 -1.271499
v -0.289107 0.534026 -1.289810
v -0.289107 0.534026 -1.310134
v -0.280289 0.534026 -1.328446
v -0.264399 0.534026 -1.341118
v -0.276080 0.516382 -1.234570
v -0.278388 0.522164 -1.229777
v -0.277712 0.518075 -1.231181
v -0.301338 0.516382 -1.254712
v -0.305497 0.522164 -1.251395
v -0.304279 0.518075 -1.252367
v -0.315355 0.516382 -1.283819
v -0.320542 0.522164 -1.282635
v -0.319023 0.518075 -1.282982
v -0.315355 0.516382 -1.316125
v -0.320542 0.522164 -1.317309
v -0.319023 0.518075 -1.316962
v -0.301339 0.516382 -1.345232
v -0.305498 0.522164 -1.348549
v -0.304280 0.518075 -1.347577
v -0.276081 0.516382 -1.365374
v -0.278389 0.522164 -1.370168
v -0.277713 0.518075 -1.368764
v -0.278388 0.527246 -1.229777
v -0.276080 0.533028 -1.234570
v -0.277712 0.531335 -1.231181
v -0.305497 0.527246 -1.251395
v -0.301338 0.533028 -1.254712
v -0.304279 0.531335 -1.252367
v -0.320542 0.527246 -1.282635
v -0.315355 0.533028 -1.283819
v -0.319023 0.531335 -1.282982
v -0.320542 0.527246 -1.317309
v -0.315355 0.533028 -1.316125
v -0.319023 0.531335 -1.316962
v -0.305498 0.527246 -1.348549
v -0.301339 0.533028 -1.345232
v -0.304280 0.531335 -1.347577
v -0.278389 0.527246 -1.370168
v -0.276081 0.533028 -1.365374
v -0.277713 0.531335 -1.368764
v -0.268987 0.540326 -1.350643
v -0.288555 0.540326 -1.335037
v -0.299415 0.540326 -1.312487
v -0.299415 0.540326 -1.287458
v -0.288555 0.540326 -1.264907
v -0.268986 0.540326 -1.249302
v -0.268986 0.545061 -1.249302
v -0.264109 0.552045 -1.259429
v -0.288555 0.545061 -1.264907
v -0.279766 0.552045 -1.271916
v -0.299415 0.545061 -1.287458
v -0.288456 0.552045 -1.289959
v -0.299415 0.545061 -1.312487
v -0.288456 0.552045 -1.309986
v -0.288555 0.545061 -1.335037
v -0.279767 0.552045 -1.328029
v -0.268987 0.545061 -1.350643
v -0.264109 0.552045 -1.340515
v -0.287104 0.537074 -1.333880
v -0.297605 0.537074 -1.287871
v -0.268181 0.537074 -1.250974
v -0.287103 0.537074 -1.266064
v -0.297605 0.537074 -1.312074
v -0.268181 0.537074 -1.348971
v -0.268137 0.548603 -1.251064
v -0.287025 0.548603 -1.266127
v -0.297508 0.548603 -1.287893
v -0.297508 0.548603 -1.312052
v -0.287026 0.548603 -1.333818
v -0.268138 0.548603 -1.348881
v -0.264822 0.467903 -1.257949
v -0.281051 0.467903 -1.270891
v -0.290058 0.467903 -1.289593
v -0.290058 0.467903 -1.310351
v -0.281052 0.467903 -1.329054
v -0.264822 0.467903 -1.341996
v -0.264109 0.566196 -1.259429
v -0.279766 0.566196 -1.271916
v -0.288456 0.566196 -1.289959
v -0.288456 0.566196 -1.309986
v -0.279767 0.566196 -1.328029
v -0.264109 0.566196 -1.340515
v -0.283294 0.569193 -1.269103
v -0.292854 0.569193 -1.288955
v -0.292854 0.569193 -1.310989
v -0.283294 0.569193 -1.330842
v -0.266067 0.569193 -1.344580
v -0.266066 0.569193 -1.255364
v -0.264114 0.572190 -1.259419
v -0.279776 0.572190 -1.271908
v -0.288467 0.572190 -1.289956
v -0.288467 0.572190 -1.309988
v -0.279776 0.572190 -1.328036
v -0.264114 0.572190 -1.340526
v -0.266733 0.593452 -1.253981
v -0.284494 0.593452 -1.268145
v -0.294351 0.593452 -1.288613
v -0.294351 0.593452 -1.311331
v -0.284495 0.593452 -1.331799
v -0.266733 0.593452 -1.345964
v -0.271935 0.620276 -1.243177
v -0.293869 0.620276 -1.260669
v -0.306042 0.620276 -1.285945
v -0.306042 0.620276 -1.313999
v -0.293870 0.620276 -1.339276
v -0.271936 0.620275 -1.356768
v -0.278536 0.645518 -1.229470
v -0.305763 0.645518 -1.251183
v -0.320874 0.645518 -1.282560
v -0.320874 0.645518 -1.317384
v -0.305764 0.645518 -1.348761
v -0.278537 0.645518 -1.370474
v -0.273465 0.645518 -1.240000
v -0.296626 0.645518 -1.258470
v -0.309480 0.645518 -1.285160
v -0.309480 0.645518 -1.314784
v -0.296627 0.645518 -1.341474
v -0.273466 0.645518 -1.359945
v -0.269414 0.631478 -1.248446
v -0.289305 0.631478 -1.264320
v -0.300337 0.631478 -1.287252
v -0.300328 0.631478 -1.312701
v -0.289278 0.631478 -1.335624
v -0.269375 0.631478 -1.351484
v -0.313458 0.632897 -1.284252
v -0.313458 0.632897 -1.315692
v -0.299817 0.632897 -1.344018
v -0.275237 0.632897 -1.363621
v -0.275236 0.632897 -1.236324
v -0.299816 0.632897 -1.255926
v -0.276822 0.638114 -1.247988
v -0.288092 0.638114 -1.256975
v -0.281440 0.635208 -1.253756
v -0.296185 0.638114 -1.267123
v -0.302439 0.638114 -1.280110
v -0.297843 0.635208 -1.274324
v -0.305327 0.638114 -1.292765
v -0.305328 0.638114 -1.307179
v -0.303697 0.635208 -1.299972
v -0.302439 0.638114 -1.319834
v -0.296185 0.638114 -1.332821
v -0.297843 0.635208 -1.325620
v -0.288092 0.638114 -1.342969
v -0.276823 0.638114 -1.351957
v -0.281441 0.635208 -1.346189
v -0.265128 0.638114 -1.357589
v -0.251075 0.638114 -1.360796
v -0.257739 0.635208 -1.357603
v -0.251074 0.638114 -1.239149
v -0.265127 0.638114 -1.242356
v -0.257738 0.635208 -1.242342
v -0.295951 0.638727 -1.248462
v -0.283373 0.638727 -1.238431
v -0.288777 0.636312 -1.244556
v -0.313214 0.638727 -1.275850
v -0.306233 0.638727 -1.261355
v -0.308445 0.636312 -1.269218
v -0.316884 0.638727 -1.308016
v -0.316884 0.638727 -1.291928
v -0.315465 0.636312 -1.299972
v -0.306234 0.638727 -1.338589
v -0.313214 0.638727 -1.324094
v -0.308446 0.636312 -1.330726
v -0.283374 0.638727 -1.361513
v -0.295952 0.638727 -1.351483
v -0.288778 0.636312 -1.355389
v -0.252831 0.638727 -1.372249
v -0.268516 0.638727 -1.368669
v -0.260357 0.636312 -1.369076
v -0.268515 0.638727 -1.231276
v -0.252830 0.638727 -1.227696
v -0.296113 0.631478 -1.275165
v -0.301766 0.631478 -1.299977
v -0.260356 0.636312 -1.230869
v -0.259910 0.632897 -1.232826
v -0.287526 0.632897 -1.246125
v -0.306637 0.632897 -1.270089
v -0.313458 0.632897 -1.299972
v -0.306637 0.632897 -1.329855
v -0.287527 0.632897 -1.353820
v -0.259911 0.632897 -1.367119
v -0.280254 0.631478 -1.255262
v -0.257330 0.631478 -1.244212
v -0.296094 0.631478 -1.324785
v -0.280220 0.631478 -1.344675
v -0.257288 0.631478 -1.355708
v -0.244604 0.627799 -1.249097
v -0.222535 0.627799 -1.254125
v -0.204834 0.627799 -1.268231
v -0.195006 0.627799 -1.288620
v -0.194997 0.627799 -1.311254
v -0.204810 0.627799 -1.331650
v -0.244565 0.627799 -1.350814
v -0.222501 0.627799 -1.345769
v -0.198771 0.627799 -1.277871
v -0.193726 0.627799 -1.299936
v -0.212890 0.627799 -1.260181
v -0.233286 0.627799 -1.250368
v -0.198755 0.627799 -1.322005
v -0.212860 0.627799 -1.339706
v -0.233249 0.627799 -1.349534
v -0.266668 0.627799 -1.254142
v -0.284359 0.627799 -1.268261
v -0.294172 0.627799 -1.288657
v -0.294163 0.627799 -1.311291
v -0.284335 0.627799 -1.331680
v -0.266634 0.627799 -1.345785
v -0.290414 0.627799 -1.277906
v -0.295443 0.627799 -1.299975
v -0.276309 0.627799 -1.260205
v -0.255920 0.627799 -1.250377
v -0.290398 0.627799 -1.322039
v -0.276279 0.627799 -1.339730
v -0.255883 0.627799 -1.349543
v -0.244592 0.654144 -1.279324
v -0.244598 0.651093 -1.265383
v -0.244602 0.642323 -1.254912
v -0.235640 0.654144 -1.281364
v -0.229596 0.651093 -1.268801
v -0.225056 0.642323 -1.259365
v -0.228459 0.654144 -1.287086
v -0.217563 0.651093 -1.278389
v -0.209379 0.642323 -1.271858
v -0.224472 0.654144 -1.295357
v -0.200674 0.642323 -1.289916
v -0.210882 0.651093 -1.292249
v -0.224469 0.654144 -1.304539
v -0.200666 0.642323 -1.309962
v -0.210876 0.651093 -1.307636
v -0.228450 0.654144 -1.312813
v -0.209357 0.642323 -1.328026
v -0.217546 0.651093 -1.321501
v -0.244577 0.654144 -1.320586
v -0.244568 0.642323 -1.344999
v -0.244571 0.651093 -1.334528
v -0.235626 0.654144 -1.318540
v -0.225025 0.642323 -1.340531
v -0.229572 0.651093 -1.331099
v -0.226000 0.654144 -1.290997
v -0.213441 0.651093 -1.284943
v -0.204009 0.642323 -1.280396
v -0.223953 0.654144 -1.299948
v -0.210012 0.651093 -1.299942
v -0.199541 0.642323 -1.299938
v -0.231727 0.654144 -1.283820
v -0.216514 0.642323 -1.264728
v -0.223039 0.651093 -1.272917
v -0.240001 0.654144 -1.279840
v -0.234578 0.642323 -1.256037
v -0.236904 0.651093 -1.266246
v -0.225993 0.654144 -1.308900
v -0.203994 0.642323 -1.319484
v -0.213430 0.651093 -1.314944
v -0.231715 0.654144 -1.316081
v -0.216487 0.642323 -1.335161
v -0.223019 0.651093 -1.326977
v -0.239986 0.654144 -1.320068
v -0.234545 0.642323 -1.343866
v -0.236879 0.651093 -1.333658
v -0.253543 0.654144 -1.281371
v -0.264144 0.642323 -1.259380
v -0.259597 0.651093 -1.268812
v -0.260720 0.654144 -1.287098
v -0.279812 0.642323 -1.271884
v -0.271623 0.651093 -1.278410
v -0.264700 0.654144 -1.295372
v -0.278293 0.651093 -1.292275
v -0.288503 0.642323 -1.289949
v -0.264697 0.654144 -1.304554
v -0.278288 0.651093 -1.307661
v -0.288495 0.642323 -1.309995
v -0.260710 0.654144 -1.312825
v -0.271607 0.651093 -1.321521
v -0.279791 0.642323 -1.328053
v -0.253529 0.654144 -1.318547
v -0.259573 0.651093 -1.331110
v -0.264113 0.642323 -1.340546
v -0.263176 0.654144 -1.291011
v -0.285175 0.642323 -1.280427
v -0.275739 0.651093 -1.284967
v -0.265216 0.654144 -1.299963
v -0.289628 0.642323 -1.299972
v -0.279157 0.651093 -1.299968
v -0.257454 0.654144 -1.283830
v -0.266151 0.651093 -1.272933
v -0.272682 0.642323 -1.264749
v -0.249183 0.654144 -1.279843
v -0.252291 0.651093 -1.266252
v -0.254624 0.642323 -1.256045
v -0.263169 0.654144 -1.308914
v -0.275728 0.651093 -1.314968
v -0.285160 0.642323 -1.319515
v -0.257442 0.654144 -1.316090
v -0.266130 0.651093 -1.326994
v -0.272656 0.642323 -1.335183
v -0.249168 0.654144 -1.320071
v -0.252265 0.651093 -1.333664
v -0.254591 0.642323 -1.343874
v -0.237091 0.655689 -1.298242
v -0.237660 0.655689 -1.296617
v -0.238576 0.655689 -1.295160
v -0.237089 0.655689 -1.301663
v -0.236897 0.655689 -1.299953
v -0.239794 0.655689 -1.293943
v -0.241252 0.655689 -1.293028
v -0.242877 0.655689 -1.292460
v -0.244588 0.655689 -1.292268
v -0.237657 0.655689 -1.303288
v -0.238573 0.655689 -1.304746
v -0.239789 0.655689 -1.305964
v -0.241247 0.655689 -1.306880
v -0.242871 0.655689 -1.307449
v -0.244582 0.655689 -1.307643
v -0.251512 0.655689 -1.296623
v -0.252080 0.655689 -1.298248
v -0.250597 0.655689 -1.295165
v -0.252272 0.655689 -1.299958
v -0.252079 0.655689 -1.301669
v -0.247923 0.655689 -1.293031
v -0.249380 0.655689 -1.293947
v -0.246298 0.655689 -1.292461
v -0.251509 0.655689 -1.303293
v -0.250593 0.655689 -1.304751
v -0.249375 0.655689 -1.305967
v -0.247917 0.655689 -1.306883
v -0.246292 0.655689 -1.307451
v -0.237647 0.673570 -1.298369
v -0.238174 0.673570 -1.296865
v -0.239022 0.673570 -1.295516
v -0.237646 0.673570 -1.301536
v -0.237468 0.673570 -1.299953
v -0.240149 0.673570 -1.294390
v -0.241499 0.673570 -1.293542
v -0.243004 0.673570 -1.293016
v -0.244587 0.673570 -1.292839
v -0.238171 0.673570 -1.303041
v -0.239019 0.673570 -1.304390
v -0.240145 0.673570 -1.305518
v -0.241494 0.673570 -1.306366
v -0.242998 0.673570 -1.306893
v -0.244582 0.673570 -1.307072
v -0.250998 0.673570 -1.296870
v -0.251524 0.673570 -1.298374
v -0.250150 0.673570 -1.295520
v -0.251701 0.673570 -1.299958
v -0.251522 0.673570 -1.301542
v -0.247675 0.673570 -1.293545
v -0.249024 0.673570 -1.294393
v -0.246171 0.673570 -1.293018
v -0.250995 0.673570 -1.303046
v -0.250147 0.673570 -1.304395
v -0.249020 0.673570 -1.305521
v -0.247670 0.673570 -1.306368
v -0.246166 0.673570 -1.306894
v -0.229530 0.664630 -1.307198
v -0.228296 0.664630 -1.303667
v -0.260870 0.664630 -1.303679
v -0.259633 0.664630 -1.307209
v -0.231519 0.664630 -1.310366
v -0.257642 0.664630 -1.310376
v -0.234164 0.664630 -1.313013
v -0.254996 0.664630 -1.313020
v -0.237330 0.664630 -1.315004
v -0.251827 0.664630 -1.315010
v -0.240861 0.664630 -1.316241
v -0.248296 0.664630 -1.316244
v -0.244578 0.664630 -1.316661
v -0.228299 0.664630 -1.296232
v -0.229536 0.664630 -1.292701
v -0.259639 0.664630 -1.292713
v -0.260873 0.664630 -1.296244
v -0.231527 0.664630 -1.289534
v -0.257650 0.664630 -1.289544
v -0.227879 0.664630 -1.299949
v -0.261290 0.664630 -1.299962
v -0.234174 0.664630 -1.286890
v -0.237342 0.664630 -1.284901
v -0.251839 0.664630 -1.284907
v -0.255005 0.664630 -1.286898
v -0.240873 0.664630 -1.283667
v -0.244591 0.664630 -1.283249
v -0.248308 0.664630 -1.283670
v -0.244584 0.675936 -1.299955
vn 0.9372 0.2756 0.2139
vn 0.9338 -0.2875 -0.2131
vn 0.9372 0.2756 -0.2139
vn 0.7515 0.2756 0.5993
vn 0.9338 -0.2875 0.2131
vn 0.4171 0.2756 0.8661
vn 0.7488 -0.2875 0.5972
vn -0.0000 -0.7039 -0.7103
vn 0.4338 0.0231 -0.9007
vn -0.0000 0.0231 -0.9997
vn -0.0000 0.2756 0.9613
vn 0.4156 -0.2875 0.8629
vn 0.7488 -0.2875 -0.5972
vn 0.7515 0.2756 -0.5993
vn 0.4156 -0.2875 -0.8629
vn 0.4171 0.2756 -0.8661
vn 0.2942 0.7385 -0.6066
vn 0.5247 0.7423 -0.4168
vn 0.6513 0.7442 -0.1482
vn 0.6513 0.7442 0.1482
vn 0.5247 0.7423 0.4168
vn 0.2942 0.7385 0.6066
vn -0.0000 0.7341 0.6790
vn 0.3082 -0.7039 -0.6399
vn 0.7816 0.0231 -0.6233
vn 0.6925 -0.7039 0.1580
vn 0.9747 0.0231 -0.2225
vn 0.6925 -0.7039 -0.1581
vn 0.7816 0.0231 0.6233
vn 0.9747 0.0231 0.2225
vn 0.5553 -0.7039 0.4428
vn 0.4338 0.0231 0.9007
vn 0.3082 -0.7039 0.6399
vn -0.0000 0.0231 0.9997
vn 0.5553 -0.7039 -0.4429
vn -0.0000 0.7341 -0.6790
vn 0.1775 0.9072 -0.3814
vn 0.1775 0.9072 0.3814
vn -0.0000 0.9006 0.4346
vn 0.3163 0.9131 0.2572
vn 0.3909 0.9160 0.0906
vn 0.3909 0.9160 -0.0906
vn 0.3163 0.9131 -0.2573
vn -0.0000 -0.2875 0.9578
vn -0.0000 -0.2875 -0.9578
vn -0.0000 0.2756 -0.9613
vn 0.3954 0.4120 0.8210
vn 0.7121 -0.4128 0.5679
vn 0.7124 0.4119 0.5681
vn -0.0000 0.4119 0.9112
vn 0.3952 -0.4128 0.8206
vn 0.8884 0.4119 -0.2028
vn 0.7121 -0.4128 -0.5679
vn 0.7124 0.4119 -0.5681
vn 0.3952 -0.4128 -0.8206
vn 0.3954 0.4119 -0.8210
vn 0.8884 0.4119 0.2028
vn 0.8880 -0.4129 -0.2027
vn 0.8880 -0.4128 0.2027
vn 0.4497 0.8181 0.3586
vn 0.2495 0.8181 0.5182
vn -0.0000 0.8181 -0.5751
vn 0.2495 0.8181 -0.5182
vn 0.5607 0.8181 -0.1280
vn 0.4497 0.8181 -0.3586
vn 0.5607 0.8181 0.1280
vn -0.0000 0.4119 -0.9112
vn 0.1602 -0.9293 -0.3327
vn -0.0000 -0.4128 -0.9108
vn 0.2887 -0.9293 -0.2302
vn 0.3600 -0.9293 -0.0822
vn 0.3600 -0.9293 0.0822
vn 0.2887 -0.9293 0.2302
vn 0.1602 -0.9293 0.3327
vn -0.0000 -0.9293 0.3693
vn -0.0000 -1.0000 -0.0000
vn -0.0000 -0.9293 -0.3693
vn 0.7831 0.5947 0.1819
vn 0.5139 0.7579 0.4019
vn 0.6130 0.6121 0.4996
vn 0.6129 0.6121 -0.4996
vn 0.2843 0.7703 -0.5708
vn 0.5139 0.7579 -0.4019
vn 0.3227 0.6429 0.6947
vn -0.0000 0.7842 0.6205
vn -0.0000 0.6723 0.7403
vn 0.7831 0.5947 -0.1820
vn 0.6447 0.7506 0.1448
vn 0.2843 0.7703 0.5708
vn 0.3227 0.6429 -0.6947
vn -0.0000 0.7842 -0.6205
vn 0.6447 0.7506 -0.1448
vn 0.4325 0.8962 0.0987
vn 0.3469 0.8962 0.2766
vn 0.1925 0.8962 0.3997
vn 0.9285 0.3049 -0.2119
vn 0.9420 0.2576 0.2150
vn 0.9285 0.3049 0.2119
vn 0.9420 0.2576 -0.2150
vn 0.7682 0.1862 -0.6126
vn 0.9579 0.1862 -0.2186
vn 0.4192 0.2576 -0.8706
vn 0.7554 0.2576 -0.6025
vn -0.0000 0.2576 -0.9663
vn 0.4263 0.1862 -0.8852
vn -0.0000 0.8962 0.4437
vn -0.0000 0.8962 -0.4437
vn 0.1925 0.8962 -0.3997
vn 0.3469 0.8962 -0.2766
vn 0.4325 0.8962 -0.0987
vn -0.0000 0.2576 0.9663
vn 0.4263 0.1862 0.8852
vn -0.0000 0.1862 0.9825
vn 0.4192 0.2576 0.8706
vn 0.7682 0.1862 0.6126
vn 0.7555 0.2576 0.6024
vn 0.9579 0.1862 0.2186
vn 0.7761 0.1209 0.6189
vn 0.9678 0.1209 -0.2209
vn 0.9678 0.1209 0.2209
vn 0.7761 0.1209 -0.6189
vn 0.4307 0.1209 0.8944
vn -0.0000 0.1209 0.9927
vn -0.0000 0.1209 -0.9927
vn 0.4307 0.1209 -0.8944
vn 0.7446 0.3049 -0.5938
vn 0.4132 0.3049 -0.8581
vn -0.0000 0.3049 -0.9524
vn 0.4132 0.3049 0.8581
vn -0.0000 0.3049 0.9524
vn 0.7446 0.3049 0.5938
vn 0.4336 0.0324 -0.9005
vn 0.7814 0.0324 -0.6232
vn -0.0000 0.0324 0.9995
vn 0.4337 0.0324 0.9005
vn 0.7814 0.0324 0.6232
vn 0.9744 0.0324 0.2224
vn 0.9744 0.0324 -0.2224
vn -0.0000 -0.0827 0.9966
vn 0.4288 -0.1528 0.8904
vn -0.0000 -0.1528 0.9883
vn 0.7792 -0.0827 0.6213
vn 0.4324 -0.0827 0.8979
vn 0.9635 -0.1528 0.2199
vn 0.7727 -0.1528 0.6162
vn 0.9716 -0.0827 -0.2218
vn 0.9716 -0.0827 0.2218
vn 0.7791 -0.0827 -0.6214
vn 0.9635 -0.1528 -0.2199
vn 0.4324 -0.0827 -0.8979
vn 0.7727 -0.1528 -0.6162
vn -0.0000 -0.1528 -0.9883
vn 0.4288 -0.1528 -0.8904
vn 0.7695 -0.1767 -0.6137
vn 0.9596 0.1767 -0.2190
vn 0.9596 -0.1767 -0.2190
vn 0.4271 -0.1767 -0.8868
vn 0.7695 0.1767 -0.6137
vn -0.0000 0.9673 0.2536
vn 0.4272 0.1749 0.8871
vn -0.0000 0.1749 0.9846
vn -0.0000 -0.1767 -0.9843
vn 0.4271 0.1767 -0.8868
vn 0.0232 -0.9986 0.0483
vn -0.0000 -0.9655 0.2605
vn -0.0000 -0.9986 0.0536
vn 0.9596 -0.1767 0.2190
vn 0.7695 0.1767 0.6137
vn 0.7695 -0.1767 0.6137
vn 0.9596 0.1767 0.2190
vn 0.0419 -0.9986 -0.0334
vn 0.2539 -0.9655 -0.0580
vn 0.0522 -0.9986 -0.0119
vn 0.0232 -0.9986 -0.0483
vn 0.2036 -0.9655 -0.1624
vn -0.0000 -0.9986 -0.0536
vn 0.1130 -0.9655 -0.2347
vn 0.4271 0.1767 0.8868
vn 0.4271 -0.1767 0.8868
vn 0.2036 -0.9655 0.1624
vn 0.1130 -0.9655 0.2347
vn 0.0419 -0.9986 0.0334
vn 0.2539 -0.9655 0.0580
vn 0.0522 -0.9986 0.0119
vn 0.1983 0.9673 0.1581
vn 0.1100 0.9673 0.2285
vn 0.2473 0.9673 0.0564
vn 0.7698 0.1749 0.6139
vn 0.9599 0.1749 -0.2191
vn 0.9599 0.1748 0.2191
vn 0.2473 0.9673 -0.0564
vn 0.7698 0.1749 -0.6139
vn 0.1100 0.9673 -0.2285
vn 0.1983 0.9673 -0.1581
vn -0.0000 0.1749 -0.9846
vn 0.4272 0.1749 -0.8871
vn -0.0000 -0.6600 0.7513
vn 0.3260 -0.6600 0.6769
vn 0.5874 -0.6600 0.4684
vn 0.7324 -0.6600 0.1672
vn 0.7324 -0.6600 -0.1672
vn 0.5874 -0.6600 -0.4684
vn 0.3260 -0.6600 -0.6769
vn -0.0000 -0.6600 -0.7513
vn 0.3260 0.6600 0.6769
vn -0.0000 0.6600 0.7513
vn 0.5874 0.6600 0.4684
vn 0.7324 0.6600 -0.1672
vn 0.7324 0.6600 0.1672
vn 0.5874 0.6600 -0.4684
vn -0.0000 0.1767 -0.9843
vn 0.3260 0.6600 -0.6769
vn -0.0000 0.6600 -0.7513
vn -0.0000 0.1767 0.9843
vn -0.0000 -0.1767 0.9843
vn 0.7574 -0.2479 -0.6040
vn 0.9461 0.2415 -0.2159
vn 0.9445 -0.2479 -0.2156
vn 0.4203 -0.2479 -0.8729
vn 0.7587 0.2415 -0.6050
vn -0.0000 -0.2479 -0.9688
vn 0.4210 0.2415 -0.8743
vn 0.4204 -0.2479 0.8728
vn -0.0000 0.2415 0.9704
vn -0.0000 -0.2479 0.9688
vn 0.7574 -0.2479 0.6040
vn 0.4210 0.2415 0.8743
vn 0.9445 -0.2479 0.2156
vn 0.7587 0.2415 0.6050
vn 0.9461 0.2415 0.2159
vn 0.2718 0.9376 0.2167
vn 0.2946 0.7341 0.6118
vn 0.5309 0.7341 0.4234
vn 0.3389 0.9376 0.0773
vn 0.6620 0.7341 0.1511
vn 0.3389 0.9376 -0.0773
vn 0.6620 0.7341 -0.1511
vn 0.5309 0.7341 -0.4234
vn 0.2946 0.7341 -0.6118
vn 0.2718 0.9376 -0.2167
vn -0.0000 0.9376 -0.3476
vn 0.6508 -0.7446 -0.1485
vn 0.6508 -0.7446 0.1485
vn 0.5219 -0.7446 0.4162
vn 0.2896 -0.7446 0.6014
vn -0.0000 -0.7446 0.6675
vn -0.0000 -0.7446 -0.6675
vn 0.2896 -0.7446 -0.6014
vn 0.5219 -0.7446 -0.4162
vn -0.0000 0.9376 0.3476
vn 0.1508 0.9376 0.3132
vn -0.0000 0.2415 -0.9704
vn -0.0000 0.0324 -0.9995
vn 0.9749 -0.0000 0.2225
vn 0.7818 -0.0000 0.6235
vn 0.4339 -0.0000 -0.9010
vn 0.7818 -0.0000 -0.6235
vn 0.9749 -0.0000 -0.2225
vn 0.4339 -0.0000 0.9010
vn -0.0000 -0.0000 -1.0000
vn -0.0000 -0.0000 1.0000
vn 0.4326 -0.8330 0.3450
vn 0.4339 -0.0005 0.9010
vn 0.2401 -0.8330 0.4985
vn 0.5394 -0.8330 0.1231
vn 0.7818 -0.0005 0.6235
vn 0.5394 -0.8330 -0.1231
vn 0.9749 -0.0005 0.2225
vn 0.4326 -0.8330 -0.3450
vn 0.9749 -0.0005 -0.2225
vn 0.4339 -0.0005 -0.9010
vn 0.7818 -0.0006 -0.6235
vn 0.2401 -0.8330 -0.4985
vn -0.0000 -0.0005 -1.0000
vn -0.0000 -0.0005 1.0000
vn -0.0000 -0.8330 0.5533
vn 0.5404 0.8323 -0.1233
vn 0.4334 0.8323 -0.3456
vn 0.2405 0.8323 -0.4994
vn 0.2405 0.8323 0.4994
vn -0.0000 0.8323 0.5543
vn 0.4334 0.8323 0.3456
vn 0.5404 0.8323 0.1233
vn -0.0000 -0.2731 0.9620
vn 0.4073 -0.3448 0.8457
vn -0.0000 -0.3448 0.9387
vn 0.4174 -0.2731 0.8667
vn 0.7339 -0.3448 0.5853
vn 0.7521 -0.2731 0.5998
vn 0.9151 -0.3448 0.2089
vn 0.9379 -0.2731 -0.2141
vn 0.9379 -0.2731 0.2141
vn 0.7521 -0.2731 -0.5998
vn 0.9151 -0.3448 -0.2089
vn 0.4174 -0.2731 -0.8667
vn 0.7339 -0.3448 -0.5853
vn -0.0000 -0.3448 -0.9387
vn 0.4073 -0.3448 -0.8457
vn 0.8623 -0.4666 0.1968
vn 0.8623 -0.4666 -0.1968
vn 0.6915 -0.4666 -0.5515
vn 0.3838 -0.4666 -0.7969
vn 0.3838 -0.4666 0.7969
vn -0.0000 -0.4666 0.8845
vn 0.6696 -0.5162 -0.5340
vn 0.7768 -0.5066 -0.3741
vn 0.8622 -0.5066 -0.0000
vn 0.8350 -0.5162 0.1906
vn 0.8350 -0.5162 -0.1906
vn 0.5376 -0.5066 -0.6741
vn 0.1918 -0.5066 -0.8406
vn 0.3716 -0.5162 -0.7717
vn 0.1919 -0.5066 0.8406
vn -0.0000 -0.5162 0.8565
vn 0.5376 -0.5066 0.6741
vn 0.3716 -0.5162 0.7717
vn 0.7768 -0.5066 0.3741
vn 0.6696 -0.5162 0.5340
vn 0.6915 -0.4666 0.5515
vn -0.0734 0.9956 0.0585
vn -0.3878 0.8508 -0.3545
vn -0.3971 0.8774 -0.2691
vn -0.0407 0.9956 0.0845
vn -0.5032 0.8508 -0.1512
vn -0.4746 0.8774 -0.0702
vn -0.0000 0.9956 -0.0938
vn 0.5190 0.8508 -0.0822
vn 0.4580 0.8774 -0.1427
vn -0.0407 0.9956 -0.0845
vn 0.4319 0.8508 -0.2992
vn 0.3508 0.8774 -0.3273
vn -0.0734 0.9956 -0.0585
vn 0.2593 0.8508 -0.4570
vn 0.1740 0.8774 -0.4471
vn -0.0915 0.9956 -0.0209
vn 0.0354 0.8508 -0.5242
vn -0.0372 0.8774 -0.4783
vn -0.0915 0.9956 0.0209
vn -0.1956 0.8508 -0.4877
vn -0.2410 0.8774 -0.4148
vn -0.0000 -0.5162 -0.8565
vn -0.0000 -0.4666 -0.8845
vn -0.0000 0.9956 0.0938
vn 0.5190 0.8508 0.0821
vn -0.0000 1.0000 -0.0000
vn -0.1108 0.5404 -0.8341
vn -0.1588 0.6994 -0.6969
vn 0.0003 0.7190 -0.6950
vn 0.4319 0.8508 0.2992
vn -0.2630 0.5429 0.7975
vn -0.1589 0.7013 0.6949
vn -0.3014 0.7199 0.6252
vn 0.2594 0.8508 0.4570
vn -0.5429 0.7198 0.4326
vn -0.6498 0.5561 0.5182
vn -0.5830 0.5426 0.6047
vn 0.0354 0.8508 0.5242
vn -0.7878 0.5422 0.2923
vn -0.6428 0.7008 0.3093
vn -0.6771 0.7196 0.1542
vn -0.1956 0.8508 0.4877
vn -0.6771 0.7194 -0.1549
vn -0.8107 0.5555 -0.1850
vn -0.8370 0.5416 -0.0782
vn -0.3878 0.8508 0.3545
vn -0.5032 0.8508 0.1512
vn -0.2618 0.5404 -0.7996
vn -0.3013 0.7190 -0.6263
vn -0.5828 0.5407 -0.6066
vn -0.5430 0.7192 -0.4335
vn -0.4453 0.6996 -0.5588
vn -0.7881 0.5412 -0.2933
vn -0.6434 0.6999 -0.3101
vn -0.7138 0.7003 -0.0003
vn -0.8880 0.4598 -0.0001
vn -0.8369 0.5418 0.0780
vn -0.7197 0.5423 0.4335
vn -0.4600 0.5427 0.7027
vn -0.4448 0.7011 0.5573
vn -0.1094 0.5429 0.8326
vn -0.0003 0.7200 0.6940
vn -0.0121 0.9985 0.0531
vn -0.0208 0.9956 0.0911
vn 0.4580 0.8774 0.1427
vn -0.0339 0.9985 0.0426
vn -0.0583 0.9956 0.0731
vn 0.3508 0.8774 0.3273
vn -0.0490 0.9985 0.0236
vn -0.0842 0.9956 0.0405
vn 0.1740 0.8774 0.4471
vn -0.0544 0.9985 -0.0000
vn -0.0934 0.9956 -0.0000
vn -0.0372 0.8774 0.4783
vn -0.0490 0.9985 -0.0236
vn -0.0842 0.9956 -0.0405
vn -0.2410 0.8774 0.4148
vn -0.0339 0.9985 -0.0426
vn -0.0583 0.9956 -0.0731
vn -0.3971 0.8774 0.2692
vn -0.0121 0.9985 -0.0531
vn -0.0208 0.9956 -0.0911
vn -0.4746 0.8774 0.0702
vn -0.7207 0.5410 -0.4335
vn -0.4615 0.5406 -0.7033
vn -0.1979 0.4567 -0.8674
vn -0.0000 0.5549 -0.8319
vn -0.1973 0.4629 0.8641
vn -0.3605 0.5563 0.7487
vn -0.5529 0.4623 0.6932
vn -0.7995 0.4612 0.3849
vn -0.8105 0.5558 0.1850
vn -0.3610 0.5550 -0.7494
vn -0.5544 0.4573 -0.6954
vn -0.6503 0.5552 -0.5185
vn -0.8007 0.4584 -0.3857
vn -0.0000 0.5563 0.8310
vn -0.9338 -0.2875 -0.2131
vn -0.9372 0.2756 0.2139
vn -0.9372 0.2756 -0.2139
vn -0.9338 -0.2875 0.2131
vn -0.7515 0.2756 0.5993
vn -0.7488 -0.2875 0.5972
vn -0.4171 0.2756 0.8661
vn -0.3082 -0.7039 -0.6399
vn -0.4156 -0.2875 0.8629
vn -0.7488 -0.2875 -0.5972
vn -0.7516 0.2756 -0.5993
vn -0.4156 -0.2875 -0.8629
vn -0.4171 0.2756 -0.8661
vn -0.2942 0.7385 -0.6066
vn -0.5247 0.7423 -0.4168
vn -0.6513 0.7442 -0.1482
vn -0.6513 0.7442 0.1482
vn -0.5247 0.7423 0.4168
vn -0.2942 0.7385 0.6066
vn -0.4338 0.0231 -0.9007
vn -0.5553 -0.7039 -0.4429
vn -0.9747 0.0231 -0.2225
vn -0.6925 -0.7039 0.1581
vn -0.6925 -0.7039 -0.1580
vn -0.7816 0.0231 0.6233
vn -0.5553 -0.7039 0.4429
vn -0.4338 0.0231 0.9007
vn -0.3082 -0.7039 0.6399
vn -0.0000 -0.7039 0.7103
vn -0.7816 0.0231 -0.6233
vn -0.1775 0.9072 -0.3814
vn -0.1775 0.9072 0.3814
vn -0.3163 0.9131 0.2573
vn -0.3909 0.9160 0.0906
vn -0.3909 0.9160 -0.0906
vn -0.3163 0.9131 -0.2572
vn -0.7121 -0.4128 0.5679
vn -0.3954 0.4119 0.8210
vn -0.7124 0.4119 0.5681
vn -0.3952 -0.4128 0.8206
vn -0.7121 -0.4128 -0.5679
vn -0.8884 0.4119 -0.2028
vn -0.7124 0.4119 -0.5681
vn -0.3952 -0.4128 -0.8206
vn -0.3954 0.4119 -0.8210
vn -0.8880 -0.4129 -0.2027
vn -0.8884 0.4119 0.2028
vn -0.8880 -0.4128 0.2027
vn -0.2495 0.8181 0.5182
vn -0.0000 0.8181 0.5751
vn -0.2495 0.8181 -0.5182
vn -0.4497 0.8181 -0.3586
vn -0.5607 0.8181 -0.1280
vn -0.9747 0.0231 0.2225
vn -0.5607 0.8181 0.1280
vn -0.1602 -0.9293 -0.3327
vn -0.2887 -0.9293 -0.2302
vn -0.3600 -0.9293 -0.0822
vn -0.3600 -0.9293 0.0822
vn -0.2887 -0.9293 0.2302
vn -0.1602 -0.9293 0.3327
vn -0.0000 -0.4128 0.9108
vn -0.5139 0.7579 0.4019
vn -0.7831 0.5947 0.1820
vn -0.6129 0.6121 0.4996
vn -0.6130 0.6121 -0.4996
vn -0.2843 0.7703 -0.5708
vn -0.3227 0.6429 -0.6947
vn -0.3227 0.6429 0.6947
vn -0.6447 0.7506 -0.1448
vn -0.7831 0.5947 -0.1819
vn -0.2843 0.7703 0.5708
vn -0.0000 0.6723 -0.7403
vn -0.5139 0.7579 -0.4019
vn -0.4325 0.8962 0.0987
vn -0.6447 0.7506 0.1448
vn -0.3469 0.8962 0.2766
vn -0.9285 0.3049 0.2119
vn -0.9420 0.2576 -0.2150
vn -0.9285 0.3049 -0.2119
vn -0.9579 0.1862 -0.2186
vn -0.7555 0.2576 -0.6024
vn -0.7682 0.1862 -0.6126
vn -0.4192 0.2576 -0.8706
vn -0.0000 0.1862 -0.9825
vn -0.1925 0.8962 0.3997
vn -0.1925 0.8962 -0.3997
vn -0.3469 0.8962 -0.2766
vn -0.4192 0.2576 0.8706
vn -0.4263 0.1862 0.8852
vn -0.7554 0.2576 0.6025
vn -0.7682 0.1862 0.6126
vn -0.9420 0.2576 0.2150
vn -0.7761 0.1209 0.6189
vn -0.9579 0.1862 0.2186
vn -0.9678 0.1209 0.2209
vn -0.9678 0.1209 -0.2209
vn -0.7761 0.1209 -0.6189
vn -0.4263 0.1862 -0.8852
vn -0.4307 0.1209 -0.8944
vn -0.4307 0.1209 0.8944
vn -0.7446 0.3049 -0.5938
vn -0.4132 0.3049 -0.8581
vn -0.4132 0.3049 0.8581
vn -0.7446 0.3049 0.5938
vn -0.4337 0.0324 -0.9005
vn -0.4337 0.0324 0.9005
vn -0.7814 0.0324 0.6232
vn -0.9744 0.0324 0.2224
vn -0.9744 0.0324 -0.2224
vn -0.4324 -0.0827 0.8979
vn -0.7726 -0.1528 0.6162
vn -0.7791 -0.0827 0.6214
vn -0.9716 -0.0827 0.2218
vn -0.9635 -0.1528 0.2199
vn -0.9716 -0.0827 -0.2217
vn -0.7727 -0.1528 -0.6162
vn -0.7792 -0.0827 -0.6213
vn -0.4288 -0.1528 -0.8904
vn -0.4324 -0.0827 -0.8979
vn -0.0000 -0.0827 -0.9966
vn -0.9596 0.1767 -0.2190
vn -0.7695 -0.1767 -0.6137
vn -0.9596 -0.1767 -0.2190
vn -0.7695 0.1767 -0.6137
vn -0.4271 -0.1767 -0.8868
vn -0.1100 0.9673 0.2285
vn -0.4271 0.1767 -0.8868
vn -0.1130 -0.9655 0.2347
vn -0.0232 -0.9986 0.0483
vn -0.7695 0.1767 0.6137
vn -0.9596 -0.1767 0.2190
vn -0.7695 -0.1767 0.6137
vn -0.9596 0.1767 0.2190
vn -0.2539 -0.9655 -0.0580
vn -0.0419 -0.9986 -0.0334
vn -0.0522 -0.9986 -0.0119
vn -0.2036 -0.9655 -0.1624
vn -0.0232 -0.9986 -0.0483
vn -0.0000 -0.9655 -0.2605
vn -0.4271 0.1767 0.8868
vn -0.4271 -0.1767 0.8868
vn -0.2036 -0.9655 0.1624
vn -0.0419 -0.9986 0.0334
vn -0.2539 -0.9655 0.0580
vn -0.0522 -0.9986 0.0119
vn -0.4272 0.1749 0.8871
vn -0.1983 0.9673 0.1581
vn -0.7698 0.1749 0.6139
vn -0.2473 0.9673 0.0564
vn -0.9599 0.1749 0.2191
vn -0.2473 0.9673 -0.0564
vn -0.9599 0.1749 -0.2191
vn -0.1983 0.9673 -0.1581
vn -0.4272 0.1749 -0.8871
vn -0.1100 0.9673 -0.2285
vn -0.0000 0.9673 -0.2536
vn -0.3260 -0.6600 0.6769
vn -0.5874 -0.6600 0.4684
vn -0.7324 -0.6600 0.1672
vn -0.7324 -0.6600 -0.1672
vn -0.5874 -0.6600 -0.4684
vn -0.3260 -0.6600 -0.6769
vn -0.1130 -0.9655 -0.2347
vn -0.3260 0.6600 0.6769
vn -0.5874 0.6600 0.4684
vn -0.7324 0.6600 0.1672
vn -0.7324 0.6600 -0.1672
vn -0.5874 0.6600 -0.4684
vn -0.3260 0.6600 -0.6769
vn -0.9461 0.2415 -0.2159
vn -0.7574 -0.2479 -0.6040
vn -0.9445 -0.2479 -0.2156
vn -0.7587 0.2415 -0.6050
vn -0.4203 -0.2479 -0.8729
vn -0.4210 0.2415 -0.8743
vn -0.4203 -0.2479 0.8729
vn -0.4210 0.2415 0.8743
vn -0.7574 -0.2479 0.6040
vn -0.7587 0.2415 0.6050
vn -0.9445 -0.2479 0.2156
vn -0.9461 0.2415 0.2159
vn -0.5309 0.7341 0.4234
vn -0.1508 0.9376 0.3132
vn -0.2718 0.9376 0.2167
vn -0.3389 0.9376 0.0774
vn -0.6620 0.7341 0.1511
vn -0.6620 0.7341 -0.1511
vn -0.3389 0.9376 -0.0773
vn -0.5309 0.7341 -0.4234
vn -0.2718 0.9376 -0.2167
vn -0.1508 0.9376 -0.3132
vn -0.2946 0.7341 -0.6118
vn -0.6508 -0.7446 0.1485
vn -0.6508 -0.7446 -0.1485
vn -0.5219 -0.7446 0.4162
vn -0.2896 -0.7446 0.6014
vn -0.2896 -0.7446 -0.6014
vn -0.5219 -0.7446 -0.4162
vn -0.7698 0.1748 -0.6139
vn -0.2946 0.7341 0.6118
vn -0.7814 0.0324 -0.6232
vn -0.7818 -0.0000 0.6235
vn -0.9749 -0.0000 0.2225
vn -0.7818 -0.0000 -0.6235
vn -0.4339 -0.0000 -0.9010
vn -0.9749 -0.0000 -0.2225
vn -0.4339 -0.0000 0.9010
vn -0.4339 -0.0005 0.9010
vn -0.4326 -0.8330 0.3450
vn -0.2401 -0.8330 0.4985
vn -0.9749 -0.0005 0.2225
vn -0.5394 -0.8330 0.1231
vn -0.9749 -0.0005 -0.2225
vn -0.5394 -0.8330 -0.1231
vn -0.7818 -0.0005 -0.6235
vn -0.4326 -0.8330 -0.3450
vn -0.4339 -0.0005 -0.9010
vn -0.2401 -0.8330 -0.4985
vn -0.0000 -0.8330 -0.5533
vn -0.5404 0.8323 -0.1233
vn -0.4334 0.8323 -0.3456
vn -0.2405 0.8323 -0.4994
vn -0.2405 0.8323 0.4994
vn -0.4334 0.8323 0.3456
vn -0.7818 -0.0006 0.6235
vn -0.5404 0.8323 0.1233
vn -0.4174 -0.2731 0.8667
vn -0.7339 -0.3448 0.5853
vn -0.7521 -0.2731 0.5998
vn -0.9151 -0.3448 0.2089
vn -0.9379 -0.2731 0.2141
vn -0.9151 -0.3448 -0.2089
vn -0.9379 -0.2731 -0.2141
vn -0.7521 -0.2731 -0.5998
vn -0.7339 -0.3448 -0.5853
vn -0.4174 -0.2731 -0.8667
vn -0.4073 -0.3448 -0.8457
vn -0.0000 -0.2731 -0.9620
vn -0.8623 -0.4666 0.1968
vn -0.8623 -0.4666 -0.1968
vn -0.3838 -0.4666 -0.7969
vn -0.3838 -0.4666 0.7969
vn -0.4073 -0.3448 0.8457
vn -0.6915 -0.4666 0.5515
vn -0.6696 -0.5162 -0.5340
vn -0.6915 -0.4666 -0.5515
vn -0.7768 -0.5066 -0.3741
vn -0.8622 -0.5066 -0.0000
vn -0.8350 -0.5162 0.1906
vn -0.8350 -0.5162 -0.1906
vn -0.5376 -0.5066 -0.6741
vn -0.1919 -0.5066 -0.8406
vn -0.3716 -0.5162 -0.7717
vn -0.1918 -0.5066 0.8406
vn -0.5376 -0.5066 0.6741
vn -0.3716 -0.5162 0.7717
vn -0.7768 -0.5066 0.3741
vn -0.6696 -0.5162 0.5340
vn 0.3878 0.8508 -0.3545
vn 0.0734 0.9956 0.0585
vn 0.3971 0.8774 -0.2692
vn 0.5032 0.8508 -0.1512
vn 0.0407 0.9956 0.0845
vn 0.4746 0.8774 -0.0702
vn -0.5190 0.8508 -0.0821
vn -0.4580 0.8774 -0.1427
vn -0.4319 0.8508 -0.2992
vn 0.0407 0.9956 -0.0845
vn -0.3508 0.8774 -0.3273
vn -0.2594 0.8508 -0.4570
vn 0.0734 0.9956 -0.0585
vn -0.1740 0.8774 -0.4470
vn -0.0354 0.8508 -0.5242
vn 0.0915 0.9956 -0.0209
vn 0.0372 0.8774 -0.4783
vn 0.1956 0.8508 -0.4877
vn 0.0915 0.9956 0.0209
vn 0.2410 0.8774 -0.4148
vn -0.5190 0.8508 0.0822
vn -0.4580 0.8774 0.1427
vn 0.1111 0.5404 -0.8341
vn 0.1593 0.6994 -0.6968
vn -0.4319 0.8508 0.2992
vn -0.3508 0.8774 0.3273
vn 0.2627 0.5429 0.7977
vn 0.3009 0.7199 0.6254
vn 0.1584 0.7013 0.6950
vn -0.2593 0.8508 0.4570
vn -0.1740 0.8774 0.4471
vn 0.5426 0.7198 0.4330
vn 0.5828 0.5426 0.6050
vn 0.6498 0.5561 0.5182
vn -0.0354 0.8508 0.5242
vn 0.0372 0.8774 0.4783
vn 0.7877 0.5421 0.2926
vn 0.6769 0.7196 0.1547
vn 0.6427 0.7008 0.3097
vn 0.1956 0.8508 0.4877
vn 0.2410 0.8774 0.4148
vn 0.6773 0.7194 -0.1544
vn 0.8371 0.5415 -0.0778
vn 0.8107 0.5555 -0.1850
vn 0.3878 0.8508 0.3545
vn 0.3971 0.8774 0.2692
vn 0.5032 0.8508 0.1512
vn 0.4746 0.8774 0.0702
vn 0.2621 0.5405 -0.7995
vn 0.3018 0.7190 -0.6260
vn 0.5830 0.5408 -0.6063
vn 0.4457 0.6996 -0.5585
vn 0.5434 0.7192 -0.4330
vn 0.7882 0.5413 -0.2929
vn 0.6436 0.6999 -0.3097
vn 0.7138 0.7003 0.0002
vn 0.8368 0.5418 0.0783
vn 0.8880 0.4598 -0.0000
vn 0.7195 0.5424 0.4338
vn 0.4597 0.5428 0.7029
vn 0.4444 0.7011 0.5576
vn 0.1091 0.5430 0.8326
vn 0.0121 0.9985 0.0531
vn 0.0208 0.9956 0.0911
vn 0.0339 0.9985 0.0426
vn 0.0583 0.9956 0.0731
vn 0.0490 0.9985 0.0236
vn 0.0842 0.9956 0.0405
vn 0.0544 0.9985 -0.0000
vn 0.0934 0.9956 -0.0000
vn 0.0490 0.9985 -0.0236
vn 0.0842 0.9956 -0.0405
vn 0.0339 0.9985 -0.0426
vn 0.0583 0.9956 -0.0731
vn 0.0121 0.9985 -0.0531
vn 0.0208 0.9956 -0.0911
vn 0.7209 0.5410 -0.4332
vn 0.4619 0.5406 -0.7032
vn 0.1980 0.4566 -0.8673
vn 0.1972 0.4629 0.8642
vn 0.3606 0.5563 0.7487
vn 0.5528 0.4623 0.6933
vn 0.7994 0.4612 0.3850
vn 0.8105 0.5558 0.1850
vn 0.3609 0.5550 -0.7495
vn 0.5545 0.4573 -0.6953
vn 0.6503 0.5552 -0.5186
vn 0.8007 0.4584 -0.3856
vn 0.4532 0.8643 -0.2181
vn 0.4904 0.8643 -0.1117
vn 0.4531 0.8643 0.2184
vn 0.3931 0.8643 0.3137
vn -0.4531 0.8643 -0.2184
vn 0.3134 0.8643 0.3933
vn -0.4904 0.8643 0.1117
vn -0.3931 0.8643 -0.3137
vn 0.5029 0.8643 0.0002
vn 0.4903 0.8643 0.1121
vn 0.2181 0.8643 0.4532
vn -0.4532 0.8643 0.2181
vn -0.3933 0.8643 0.3134
vn -0.5030 0.8643 -0.0002
vn -0.3137 0.8643 0.3931
vn -0.4903 0.8643 -0.1121
vn 0.1117 0.8643 0.4904
vn -0.0002 0.8643 0.5030
vn 0.2184 0.8643 -0.4531
vn 0.3137 0.8643 -0.3931
vn -0.1121 0.8643 0.4903
vn -0.2184 0.8643 0.4531
vn 0.3933 0.8643 -0.3134
vn -0.3134 0.8643 -0.3933
vn -0.2180 0.8643 -0.4532
vn 0.0002 0.8643 -0.5030
vn 0.1121 0.8643 -0.4903
vn -0.1117 0.8643 -0.4904
vn 0.1654 0.9855 0.0378
vn 0.4091 0.8909 0.1972
vn 0.4428 0.8909 0.1012
vn 0.7950 0.5787 0.1818
vn 0.8363 0.3716 0.4031
vn 0.9050 0.3716 0.2069
vn 0.1326 0.9855 0.1059
vn 0.1529 0.9855 0.0737
vn 0.3550 0.8909 0.2833
vn 0.7346 0.5787 0.3541
vn 0.7256 0.3716 0.5791
vn 0.1697 0.9855 0.0001
vn 0.4428 0.8909 -0.1009
vn 0.1655 0.9855 -0.0377
vn 0.8155 0.5787 0.0003
vn 0.7951 0.5787 -0.1812
vn 0.9052 0.3716 -0.2062
vn 0.4542 0.8909 0.0002
vn 0.9284 0.3716 0.0004
vn 0.1058 0.9855 0.1327
vn 0.1969 0.8909 0.4093
vn 0.2830 0.8909 0.3552
vn 0.5082 0.5787 0.6378
vn 0.4025 0.3716 0.8366
vn 0.5786 0.3716 0.7261
vn 0.6374 0.5787 0.5087
vn 0.0377 0.9855 0.1655
vn -0.0002 0.8909 0.4542
vn 0.1009 0.8909 0.4428
vn 0.1812 0.5787 0.7951
vn -0.0003 0.5787 0.8155
vn 0.2062 0.3716 0.9052
vn 0.0736 0.9855 0.1529
vn 0.3536 0.5787 0.7349
vn 0.1529 0.9855 -0.0736
vn 0.4093 0.8909 -0.1969
vn 0.7349 0.5787 -0.3536
vn 0.8366 0.3716 -0.4025
vn 0.3552 0.8909 -0.2830
vn 0.1327 0.9855 -0.1058
vn 0.6378 0.5787 -0.5082
vn 0.7261 0.3716 -0.5786
vn 0.1059 0.9855 -0.1326
vn 0.2833 0.8909 -0.3550
vn 0.5087 0.5787 -0.6374
vn 0.5791 0.3716 -0.7256
vn 0.0737 0.9855 -0.1529
vn 0.1972 0.8909 -0.4091
vn 0.3541 0.5787 -0.7346
vn 0.4031 0.3716 -0.8363
vn 0.0378 0.9855 -0.1654
vn 0.1012 0.8909 -0.4428
vn 0.1818 0.5787 -0.7950
vn 0.2069 0.3716 -0.9050
vn 0.0001 0.9855 -0.1697
vn 0.0002 0.8909 -0.4542
vn 0.0003 0.5787 -0.8155
vn 0.0004 0.3716 -0.9284
vn -0.8366 0.3716 0.4025
vn -0.7951 0.5787 0.1812
vn -0.9052 0.3716 0.2062
vn -0.4093 0.8909 0.1969
vn -0.4428 0.8909 0.1009
vn -0.1529 0.9855 0.0736
vn -0.1655 0.9855 0.0377
vn -0.6378 0.5787 0.5082
vn -0.7349 0.5787 0.3536
vn -0.3552 0.8909 0.2831
vn -0.9050 0.3716 -0.2069
vn -0.8155 0.5787 -0.0003
vn -0.7950 0.5787 -0.1818
vn -0.4428 0.8909 -0.1012
vn -0.4542 0.8909 -0.0002
vn -0.1654 0.9855 -0.0378
vn -0.9284 0.3716 -0.0004
vn -0.1697 0.9855 -0.0001
vn -0.5791 0.3716 0.7256
vn -0.3541 0.5787 0.7346
vn -0.5087 0.5787 0.6374
vn -0.2833 0.8909 0.3550
vn -0.0737 0.9855 0.1529
vn -0.1059 0.9855 0.1326
vn -0.7261 0.3716 0.5786
vn -0.1327 0.9855 0.1058
vn -0.2069 0.3716 0.9050
vn -0.1818 0.5787 0.7950
vn -0.1012 0.8909 0.4428
vn -0.0378 0.9855 0.1654
vn -0.4031 0.3716 0.8363
vn -0.1972 0.8909 0.4091
vn -0.7346 0.5787 -0.3541
vn -0.8363 0.3716 -0.4031
vn -0.4091 0.8909 -0.1972
vn -0.1529 0.9855 -0.0737
vn -0.7256 0.3716 -0.5791
vn -0.6374 0.5787 -0.5087
vn -0.3550 0.8909 -0.2833
vn -0.1327 0.9855 -0.1059
vn -0.5786 0.3716 -0.7261
vn -0.5082 0.5787 -0.6378
vn -0.2830 0.8909 -0.3552
vn -0.1058 0.9855 -0.1327
vn -0.3536 0.5787 -0.7349
vn -0.4025 0.3716 -0.8366
vn -0.1969 0.8909 -0.4093
vn -0.0736 0.9855 -0.1529
vn -0.1812 0.5787 -0.7951
vn -0.2062 0.3716 -0.9052
vn -0.1009 0.8909 -0.4428
vn -0.0377 0.9855 -0.1655
vn -0.0264 0.9930 0.1155
vn -0.0515 0.9930 0.1068
vn 0.9010 0.0146 -0.4335
vn 0.5085 0.8533 -0.1158
vn 0.9749 0.0146 -0.2221
vn 0.0739 0.9930 -0.0926
vn -0.0000 0.9930 -0.1185
vn -0.0739 0.9930 -0.0927
vn 0.1185 0.9930 0.0001
vn 0.1155 0.9930 0.0264
vn -0.0739 0.9930 0.0926
vn -0.0000 0.9930 0.1185
vn -0.0001 0.9855 0.1697
vn 0.0926 0.9930 0.0739
vn 0.1068 0.9930 -0.0514
vn -0.1155 0.9930 -0.0264
vn -0.1068 0.9930 -0.0515
vn -0.0927 0.9930 0.0739
vn 0.0515 0.9930 -0.1068
vn -0.1185 0.9930 -0.0000
vn 0.0739 0.9930 0.0927
vn 0.0514 0.9930 0.1068
vn -0.0514 0.9930 -0.1068
vn -0.1068 0.9930 0.0514
vn -0.1156 0.9930 0.0263
vn 0.0263 0.9930 0.1156
vn 0.0927 0.9930 -0.0739
vn -0.0926 0.9930 -0.0739
vn 0.0264 0.9930 -0.1155
vn 0.1068 0.9930 0.0515
vn -0.0263 0.9930 -0.1156
vn 0.1156 0.9930 -0.0263
vn -0.0002 0.8533 0.5215
vn -0.1162 0.8533 0.5084
vn -0.9747 0.0146 -0.2229
vn -0.4697 0.8533 -0.2264
vn -0.9007 0.0146 -0.4342
vn 0.7820 0.0146 -0.6231
vn 0.4699 0.8533 -0.2261
vn -0.4076 0.8533 -0.3253
vn -0.7815 0.0146 -0.6237
vn 0.6237 0.0146 -0.7815
vn 0.4078 0.8533 -0.3250
vn -0.3250 0.8533 -0.4078
vn -0.6231 0.0146 -0.7820
vn 0.4342 0.0146 -0.9007
vn 0.3253 0.8533 -0.4076
vn -0.2261 0.8533 -0.4699
vn -0.4335 0.0146 -0.9010
vn 0.2229 0.0146 -0.9747
vn 0.2264 0.8533 -0.4698
vn -0.1158 0.8533 -0.5084
vn -0.2221 0.0146 -0.9749
vn 0.0004 0.0146 -0.9999
vn 0.1162 0.8533 -0.5084
vn 0.9747 0.0146 0.2229
vn 0.4698 0.8533 0.2264
vn 0.9007 0.0146 0.4342
vn 0.0002 0.8533 -0.5215
vn -0.9749 0.0146 0.2221
vn -0.4699 0.8533 0.2261
vn -0.5084 0.8533 0.1158
vn 0.4076 0.8533 0.3253
vn 0.7815 0.0146 0.6237
vn -0.7820 0.0146 0.6231
vn -0.9010 0.0146 0.4335
vn 0.9999 0.0146 0.0004
vn 0.5215 0.8533 0.0002
vn -0.5215 0.8533 -0.0002
vn -0.5084 0.8533 -0.1162
vn 0.5084 0.8533 0.1162
vn -0.9999 0.0146 -0.0004
vn 0.4335 0.0146 0.9010
vn 0.3250 0.8533 0.4078
vn 0.2261 0.8533 0.4699
vn -0.6237 0.0146 0.7815
vn -0.2264 0.8533 0.4697
vn -0.3253 0.8533 0.4076
vn 0.6231 0.0146 0.7820
vn -0.4078 0.8533 0.3250
vn -0.0004 0.0146 0.9999
vn 0.1158 0.8533 0.5084
vn -0.2229 0.0146 0.9747
vn 0.2221 0.0146 0.9749
vn -0.4342 0.0146 0.9007
vn -0.1569 -0.7102 0.6863
vn -0.3057 -0.7102 0.6342
vn 0.1564 -0.7102 0.6864
vn -0.0003 -0.7102 0.7040
vn -0.4392 -0.7102 0.5503
vn -0.5506 -0.7102 0.4388
vn 0.5503 -0.7102 0.4392
vn 0.4387 -0.7102 0.5506
vn 0.3052 -0.7102 0.6344
vn -0.6864 -0.7102 0.1564
vn -0.7040 -0.7102 -0.0003
vn 0.7040 -0.7102 0.0003
vn 0.6863 -0.7102 0.1569
vn -0.6863 -0.7102 -0.1569
vn -0.6344 -0.7102 0.3052
vn 0.0003 -0.7102 -0.7040
vn 0.6342 -0.7102 0.3057
vn 0.1569 -0.7102 -0.6863
vn -0.1564 -0.7102 -0.6864
vn 0.3057 -0.7102 -0.6342
vn -0.3052 -0.7102 -0.6344
vn 0.4392 -0.7102 -0.5503
vn -0.4387 -0.7102 -0.5506
vn 0.5506 -0.7102 -0.4388
vn -0.5503 -0.7102 -0.4392
vn 0.6344 -0.7102 -0.3052
vn -0.6342 -0.7102 -0.3057
vn 0.6864 -0.7102 -0.1564
vn -0.0000 0.9006 -0.4346
vn 0.1508 0.9376 -0.3132
vn -0.0000 0.8323 -0.5543
vn -0.4497 0.8181 0.3586
vn -0.4325 0.8962 -0.0987
vn -0.4288 -0.1528 0.8904
vn -0.9635 -0.1528 -0.2199
vn -0.0004 0.3716 0.9284
vt 0.716353 0.584289
vt 0.684820 0.590496
vt 0.684661 0.585395
vt 0.356945 0.583819
vt 0.328167 0.587861
vt 0.328310 0.582603
vt 0.382450 0.584789
vt 0.356827 0.588362
vt 0.598688 0.598175
vt 0.627429 0.610064
vt 0.598936 0.610034
vt 0.407669 0.585710
vt 0.382322 0.589231
vt 0.655901 0.591105
vt 0.655780 0.586068
vt 0.627168 0.591428
vt 0.627097 0.586419
vt 0.627038 0.579559
vt 0.655650 0.579177
vt 0.684433 0.578477
vt 0.715005 0.576515
vt 0.329511 0.575481
vt 0.357307 0.577620
vt 0.382685 0.578811
vt 0.407798 0.579601
vt 0.627191 0.598134
vt 0.656238 0.610216
vt 0.715425 0.597680
vt 0.684833 0.608982
vt 0.684916 0.597237
vt 0.329091 0.594745
vt 0.356825 0.604933
vt 0.331564 0.605771
vt 0.356694 0.594494
vt 0.381977 0.605633
vt 0.382121 0.595159
vt 0.407112 0.606659
vt 0.656008 0.597847
vt 0.598703 0.579691
vt 0.626030 0.567839
vt 0.383896 0.568504
vt 0.407946 0.569945
vt 0.358609 0.566889
vt 0.333188 0.563990
vt 0.683585 0.565902
vt 0.711688 0.563900
vt 0.654862 0.567064
vt 0.716455 0.590109
vt 0.407544 0.590176
vt 0.598697 0.591500
vt 0.598694 0.586516
vt 0.705281 0.339854
vt 0.691935 0.363592
vt 0.688890 0.361043
vt 0.719482 0.316223
vt 0.708654 0.342132
vt 0.695254 0.037745
vt 0.716418 0.061750
vt 0.712429 0.064093
vt 0.730212 0.089217
vt 0.726174 0.091050
vt 0.673017 0.011103
vt 0.699068 0.034924
vt 0.672454 0.384546
vt 0.669284 0.381545
vt 0.690028 0.329404
vt 0.684656 0.357416
vt 0.675535 0.349309
vt 0.702797 0.307392
vt 0.700378 0.336527
vt 0.707880 0.099307
vt 0.730880 0.119882
vt 0.718090 0.123916
vt 0.694158 0.074863
vt 0.720457 0.093623
vt 0.689747 0.041851
vt 0.706772 0.067386
vt 0.658717 0.029427
vt 0.678484 0.050629
vt 0.665727 0.376576
vt 0.658667 0.365942
vt 0.736484 0.118028
vt 0.668245 0.016889
vt 0.736737 0.086336
vt 0.740597 0.116682
vt 0.722873 0.058035
vt 0.705480 0.030316
vt 0.677157 0.007718
vt 0.684309 0.003821
vt 0.696763 0.367641
vt 0.714084 0.345818
vt 0.729158 0.321279
vt 0.063323 0.865696
vt 0.045025 0.842751
vt 0.104437 0.814140
vt 0.038495 0.814140
vt 0.045025 0.785529
vt 0.063323 0.762585
vt 0.089764 0.749852
vt 0.119111 0.878429
vt 0.089764 0.878429
vt 0.660253 0.660620
vt 0.653142 0.683349
vt 0.646358 0.680876
vt 0.785228 0.703400
vt 0.777754 0.725014
vt 0.778179 0.703804
vt 0.639853 0.704445
vt 0.648843 0.726133
vt 0.641394 0.727996
vt 0.777949 0.680474
vt 0.758498 0.665856
vt 0.763421 0.660796
vt 0.647307 0.704285
vt 0.784676 0.727261
vt 0.770173 0.745001
vt 0.771595 0.683504
vt 0.754371 0.670480
vt 0.665721 0.665296
vt 0.658572 0.685907
vt 0.653335 0.704891
vt 0.431938 0.022602
vt 0.429714 0.052911
vt 0.416056 0.031110
vt 0.442861 0.046485
vt 0.463468 0.061436
vt 0.450497 0.065546
vt 0.472065 0.036852
vt 0.457091 0.041142
vt 0.487466 0.033580
vt 0.477031 0.058059
vt 0.654773 0.724634
vt 0.765052 0.741933
vt 0.771950 0.723885
vt 0.772393 0.704670
vt 0.766285 0.686271
vt 0.597526 0.037037
vt 0.606243 0.061298
vt 0.592736 0.058015
vt 0.612323 0.041171
vt 0.618941 0.065261
vt 0.639360 0.052634
vt 0.626400 0.046392
vt 0.630842 0.069891
vt 0.612425 0.086753
vt 0.438461 0.070357
vt 0.457444 0.087235
vt 0.446182 0.090406
vt 0.469214 0.084473
vt 0.600623 0.084206
vt 0.588279 0.082012
vt 0.494646 0.080285
vt 0.481634 0.082122
vt 0.448555 0.016011
vt 0.465597 0.011016
vt 0.482785 0.007404
vt 0.621047 0.016669
vt 0.604286 0.011428
vt 0.637145 0.023309
vt 0.652367 0.031483
vt 0.485338 0.109769
vt 0.473572 0.111012
vt 0.584917 0.109590
vt 0.596666 0.110642
vt 0.623461 0.089673
vt 0.607927 0.111824
vt 0.451625 0.113929
vt 0.462276 0.112416
vt 0.583501 0.138268
vt 0.595654 0.164079
vt 0.583578 0.164209
vt 0.606543 0.138589
vt 0.595205 0.138565
vt 0.619952 0.162866
vt 0.607814 0.163758
vt 0.464039 0.138964
vt 0.451128 0.162821
vt 0.453314 0.138995
vt 0.475273 0.138689
vt 0.462966 0.163625
vt 0.486878 0.138281
vt 0.474884 0.164036
vt 0.499008 0.164102
vt 0.486913 0.164223
vt 0.892974 0.203758
vt 0.885416 0.218305
vt 0.883502 0.216789
vt 0.901153 0.189416
vt 0.895047 0.205089
vt 0.203548 0.591595
vt 0.214381 0.574205
vt 0.216905 0.585117
vt 0.907757 0.173963
vt 0.903413 0.190530
vt 0.881635 0.047576
vt 0.900136 0.057879
vt 0.889315 0.062263
vt 0.874335 0.008026
vt 0.888779 0.022355
vt 0.886479 0.023946
vt 0.873999 0.231529
vt 0.871948 0.229721
vt 0.881017 0.195855
vt 0.880344 0.214212
vt 0.872987 0.207741
vt 0.888036 0.182644
vt 0.889511 0.201543
vt 0.893798 0.168646
vt 0.897354 0.187541
vt 0.898623 0.038196
vt 0.896200 0.039562
vt 0.882614 0.026640
vt 0.892176 0.041792
vt 0.873620 0.033366
vt 0.870657 0.011835
vt 0.869076 0.226223
vt 0.863450 0.217354
vt 0.203439 0.556884
vt 0.199535 0.574252
vt 0.214488 0.542926
vt 0.216837 0.563279
vt 0.214625 0.542816
vt 0.233967 0.549574
vt 0.223874 0.554429
vt 0.230668 0.535100
vt 0.245166 0.549576
vt 0.264510 0.542824
vt 0.248470 0.535103
vt 0.262244 0.563187
vt 0.255257 0.554434
vt 0.902197 0.056970
vt 0.894102 0.040719
vt 0.884488 0.025318
vt 0.870329 0.227991
vt 0.881857 0.215469
vt 0.891185 0.202623
vt 0.899223 0.188459
vt 0.905693 0.173205
vt 0.911418 0.053013
vt 0.900770 0.036991
vt 0.902855 0.035858
vt 0.909221 0.053935
vt 0.890830 0.020970
vt 0.876873 0.006152
vt 0.881581 0.003702
vt 0.892772 0.019697
vt 0.887109 0.219650
vt 0.875932 0.232921
vt 0.877909 0.233978
vt 0.896879 0.206282
vt 0.898655 0.207423
vt 0.888713 0.220893
vt 0.907406 0.192534
vt 0.910138 0.174834
vt 0.905414 0.191531
vt 0.912252 0.175611
vt 0.906957 0.054918
vt 0.904396 0.056028
vt 0.460914 0.949282
vt 0.472758 0.946737
vt 0.472810 0.949073
vt 0.449096 0.949514
vt 0.460852 0.946982
vt 0.437061 0.949652
vt 0.449047 0.947189
vt 0.336721 0.950467
vt 0.350098 0.947896
vt 0.350107 0.950496
vt 0.323438 0.950374
vt 0.336717 0.947879
vt 0.308712 0.950490
vt 0.323439 0.947756
vt 0.485822 0.946451
vt 0.485822 0.949133
vt 0.323643 0.939521
vt 0.336726 0.945622
vt 0.323483 0.945489
vt 0.310699 0.938544
vt 0.309055 0.944921
vt 0.472517 0.939207
vt 0.485512 0.944194
vt 0.472710 0.944712
vt 0.460813 0.944975
vt 0.449025 0.945192
vt 0.460777 0.939639
vt 0.437028 0.939539
vt 0.437027 0.945263
vt 0.472819 0.950943
vt 0.485555 0.951212
vt 0.323443 0.952473
vt 0.336710 0.952560
vt 0.350118 0.952577
vt 0.437080 0.951540
vt 0.449130 0.951361
vt 0.460948 0.951139
vt 0.350102 0.945646
vt 0.460942 0.956075
vt 0.472698 0.955790
vt 0.449149 0.956379
vt 0.437125 0.956842
vt 0.350161 0.958429
vt 0.336758 0.958131
vt 0.323614 0.957920
vt 0.309028 0.952844
vt 0.484233 0.956288
vt 0.350063 0.939326
vt 0.336696 0.939887
vt 0.437041 0.947298
vt 0.308719 0.947466
vt 0.497428 0.108729
vt 0.618613 0.113089
vt 0.501771 0.783908
vt 0.512806 0.776110
vt 0.512806 0.783908
vt 0.623159 0.783908
vt 0.634195 0.776110
vt 0.634195 0.783908
vt 0.645230 0.783908
vt 0.656265 0.776110
vt 0.656265 0.783908
vt 0.523841 0.776110
vt 0.523841 0.783908
vt 0.612124 0.783908
vt 0.623159 0.776110
vt 0.534877 0.776110
vt 0.534877 0.783908
vt 0.645230 0.776110
vt 0.393552 0.975053
vt 0.406086 0.971587
vt 0.406122 0.974734
vt 0.379179 0.975485
vt 0.393500 0.971451
vt 0.523843 0.975229
vt 0.534940 0.972618
vt 0.534365 0.975405
vt 0.513611 0.975301
vt 0.523835 0.972585
vt 0.504055 0.972434
vt 0.513625 0.972461
vt 0.503973 0.974842
vt 0.495615 0.972334
vt 0.417135 0.971707
vt 0.417105 0.974478
vt 0.523831 0.969734
vt 0.513591 0.969817
vt 0.504029 0.970040
vt 0.406190 0.968447
vt 0.417166 0.968943
vt 0.393629 0.967858
vt 0.379265 0.967123
vt 0.534428 0.969803
vt 0.435826 0.788669
vt 0.452731 0.789097
vt 0.443531 0.798012
vt 0.443485 0.781120
vt 0.460209 0.778770
vt 0.449838 0.772353
vt 0.465886 0.767594
vt 0.342622 0.772274
vt 0.326798 0.767458
vt 0.337696 0.762678
vt 0.348854 0.780975
vt 0.332318 0.778555
vt 0.356363 0.788474
vt 0.339694 0.788798
vt 0.359192 0.804944
vt 0.348746 0.797683
vt 0.312089 0.772875
vt 0.318323 0.786636
vt 0.327167 0.799281
vt 0.338162 0.810247
vt 0.465241 0.799845
vt 0.454022 0.810795
vt 0.320982 0.804458
vt 0.316247 0.797449
vt 0.308026 0.782851
vt 0.304640 0.775210
vt 0.311354 0.790570
vt 0.327052 0.810364
vt 0.339979 0.821221
vt 0.332959 0.816447
vt 0.465238 0.811036
vt 0.459204 0.817106
vt 0.476298 0.798085
vt 0.471438 0.805133
vt 0.484761 0.783368
vt 0.481317 0.791160
vt 0.474288 0.787107
vt 0.804137 0.401664
vt 0.797678 0.403349
vt 0.799652 0.397268
vt 0.785451 0.394430
vt 0.778777 0.394351
vt 0.782286 0.389006
vt 0.785451 0.262521
vt 0.789092 0.256926
vt 0.791727 0.262751
vt 0.804137 0.255286
vt 0.809124 0.250850
vt 0.810129 0.257164
vt 0.824069 0.253238
vt 0.830050 0.250274
vt 0.829354 0.256630
vt 0.843835 0.400431
vt 0.839132 0.405168
vt 0.837737 0.398929
vt 0.824069 0.403713
vt 0.818283 0.407042
vt 0.818583 0.400656
vt 0.488265 0.775656
vt 0.480738 0.773220
vt 0.346865 0.826207
vt 0.350931 0.819182
vt 0.464734 0.816713
vt 0.334350 0.821763
vt 0.321427 0.809924
vt 0.310803 0.796011
vt 0.303007 0.780384
vt 0.486337 0.788818
vt 0.476816 0.803765
vt 0.304494 0.794427
vt 0.306422 0.788215
vt 0.315681 0.803052
vt 0.327872 0.822500
vt 0.327485 0.815992
vt 0.341379 0.826704
vt 0.477509 0.810318
vt 0.470928 0.810656
vt 0.495805 0.778078
vt 0.489871 0.780915
vt 0.769337 0.382522
vt 0.771372 0.388879
vt 0.764854 0.387146
vt 0.773113 0.183424
vt 0.776760 0.178921
vt 0.778114 0.185832
vt 0.789092 0.400025
vt 0.782348 0.400073
vt 0.862744 0.189438
vt 0.857488 0.191439
vt 0.859693 0.184955
vt 0.809124 0.406101
vt 0.802632 0.407926
vt 0.860851 0.171297
vt 0.870106 0.170591
vt 0.865203 0.174598
vt 0.830050 0.406676
vt 0.824269 0.410150
vt 0.862752 0.159575
vt 0.859727 0.164447
vt 0.857499 0.157821
vt 0.843835 0.256520
vt 0.839132 0.251783
vt 0.845726 0.250364
vt 0.849860 0.145901
vt 0.857148 0.139710
vt 0.855521 0.145956
vt 0.818283 0.249909
vt 0.824269 0.246801
vt 0.797678 0.253601
vt 0.802631 0.249025
vt 0.772163 0.175318
vt 0.776533 0.171831
vt 0.774269 0.159828
vt 0.779552 0.157938
vt 0.777472 0.164761
vt 0.781251 0.145914
vt 0.786881 0.145756
vt 0.782707 0.151572
vt 0.854190 0.151603
vt 0.856165 0.150375
vt 0.859878 0.152831
vt 0.864656 0.167388
vt 0.864506 0.182499
vt 0.860830 0.178192
vt 0.859582 0.196680
vt 0.854234 0.197465
vt 0.775618 0.390879
vt 0.779489 0.385642
vt 0.775451 0.383956
vt 0.793715 0.400834
vt 0.796067 0.394760
vt 0.791727 0.394200
vt 0.813797 0.405661
vt 0.814463 0.399183
vt 0.810129 0.399787
vt 0.834441 0.405020
vt 0.833374 0.398595
vt 0.829354 0.400321
vt 0.834441 0.251931
vt 0.833374 0.258356
vt 0.837737 0.258022
vt 0.813797 0.251290
vt 0.814463 0.257768
vt 0.818583 0.256295
vt 0.793715 0.256117
vt 0.796067 0.262190
vt 0.799652 0.259683
vt 0.777034 0.152917
vt 0.488233 0.795132
vt 0.481825 0.796679
vt 0.772517 0.167884
vt 0.774449 0.179173
vt 0.769061 0.188397
vt 0.859550 0.192355
vt 0.868607 0.187233
vt 0.863088 0.178406
vt 0.861963 0.163921
vt 0.866154 0.154130
vt 0.767003 0.171338
vt 0.775185 0.164245
vt 0.770686 0.154396
vt 0.780716 0.150351
vt 0.779473 0.139710
vt 0.861949 0.202480
vt 0.466746 0.812578
vt 0.464262 0.823273
vt 0.338748 0.822973
vt 0.325541 0.811873
vt 0.314927 0.809521
vt 0.314496 0.798662
vt 0.306090 0.783696
vt 0.297177 0.777530
vt 0.486715 0.784242
vt 0.478059 0.799330
vt 0.342885 0.833066
vt 0.513590 0.590944
vt 0.486248 0.586066
vt 0.513643 0.586070
vt 0.486210 0.590800
vt 0.459621 0.586141
vt 0.459584 0.590780
vt 0.433343 0.586087
vt 0.570221 0.598131
vt 0.433266 0.590646
vt 0.541782 0.591170
vt 0.541855 0.586207
vt 0.570259 0.591455
vt 0.570321 0.586470
vt 0.570364 0.579523
vt 0.541893 0.579391
vt 0.513634 0.579375
vt 0.486195 0.579574
vt 0.459588 0.579789
vt 0.433366 0.579845
vt 0.570425 0.609999
vt 0.541708 0.597943
vt 0.513434 0.609019
vt 0.486171 0.597126
vt 0.513503 0.597462
vt 0.459354 0.608001
vt 0.459573 0.596986
vt 0.432934 0.608028
vt 0.433176 0.596755
vt 0.407350 0.596023
vt 0.541786 0.609755
vt 0.571325 0.567808
vt 0.432524 0.569193
vt 0.458987 0.568568
vt 0.485934 0.567855
vt 0.513796 0.566795
vt 0.542480 0.567305
vt 0.744195 0.264301
vt 0.731102 0.290558
vt 0.739971 0.263115
vt 0.735072 0.292137
vt 0.752815 0.173807
vt 0.749287 0.204119
vt 0.748397 0.174174
vt 0.748238 0.144627
vt 0.744006 0.145482
vt 0.753809 0.204304
vt 0.746281 0.234245
vt 0.750715 0.234979
vt 0.720621 0.258086
vt 0.725450 0.288421
vt 0.713092 0.283598
vt 0.714224 0.313501
vt 0.738044 0.146756
vt 0.724920 0.149240
vt 0.742163 0.174722
vt 0.728861 0.175723
vt 0.728768 0.203547
vt 0.742720 0.203876
vt 0.726215 0.231439
vt 0.740011 0.233265
vt 0.755046 0.143209
vt 0.746910 0.114651
vt 0.759947 0.173157
vt 0.761456 0.204561
vt 0.757877 0.236099
vt 0.751015 0.266117
vt 0.741510 0.294592
vt 0.723169 0.318175
vt 0.163849 0.842752
vt 0.170379 0.814140
vt 0.163849 0.785529
vt 0.145551 0.762585
vt 0.119111 0.749852
vt 0.145551 0.865696
vt 0.673395 0.762519
vt 0.690956 0.779712
vt 0.668423 0.768061
vt 0.740079 0.778679
vt 0.756011 0.761294
vt 0.761378 0.766419
vt 0.651147 0.749743
vt 0.715350 0.776047
vt 0.715743 0.783237
vt 0.657926 0.746299
vt 0.776610 0.748838
vt 0.736991 0.772101
vt 0.695337 0.766862
vt 0.693423 0.772768
vt 0.677170 0.757455
vt 0.552459 0.003611
vt 0.534890 0.029721
vt 0.535138 0.002987
vt 0.534963 0.052153
vt 0.518967 0.030182
vt 0.520206 0.052504
vt 0.503166 0.031542
vt 0.491076 0.055437
vt 0.663040 0.742837
vt 0.752205 0.756620
vt 0.734888 0.766307
vt 0.582279 0.033715
vt 0.578723 0.055456
vt 0.566641 0.031597
vt 0.564329 0.053634
vt 0.550829 0.030090
vt 0.562129 0.078967
vt 0.549707 0.052522
vt 0.548639 0.078176
vt 0.535044 0.077901
vt 0.521456 0.078149
vt 0.505519 0.053557
vt 0.507955 0.078952
vt 0.575406 0.080265
vt 0.517666 0.003335
vt 0.500109 0.004731
vt 0.587112 0.007695
vt 0.569831 0.005003
vt 0.509817 0.107936
vt 0.572747 0.108666
vt 0.560354 0.107953
vt 0.547765 0.107502
vt 0.535076 0.107335
vt 0.571608 0.137903
vt 0.559366 0.164003
vt 0.559571 0.137768
vt 0.547386 0.137505
vt 0.547312 0.164010
vt 0.535152 0.137354
vt 0.522986 0.163959
vt 0.522926 0.137522
vt 0.510994 0.163909
vt 0.510738 0.137820
vt 0.498702 0.138011
vt 0.920411 0.124829
vt 0.916168 0.141502
vt 0.917856 0.124720
vt 0.918680 0.141907
vt 0.912695 0.157920
vt 0.214684 0.605484
vt 0.915155 0.158567
vt 0.906388 0.074628
vt 0.895306 0.077755
vt 0.917766 0.090225
vt 0.917442 0.107816
vt 0.915142 0.090708
vt 0.920025 0.107624
vt 0.913558 0.124548
vt 0.901409 0.139336
vt 0.903324 0.124224
vt 0.911980 0.140840
vt 0.897824 0.154066
vt 0.903756 0.172510
vt 0.913451 0.072448
vt 0.910818 0.073248
vt 0.910768 0.091552
vt 0.899692 0.093462
vt 0.913182 0.108161
vt 0.902329 0.108915
vt 0.223911 0.593854
vt 0.230741 0.613170
vt 0.234012 0.598689
vt 0.248542 0.613134
vt 0.245212 0.598667
vt 0.264568 0.605383
vt 0.255294 0.593790
vt 0.275648 0.591449
vt 0.264744 0.574103
vt 0.279590 0.574090
vt 0.275615 0.556737
vt 0.908557 0.073944
vt 0.912887 0.091139
vt 0.915221 0.107987
vt 0.915663 0.124627
vt 0.914015 0.141168
vt 0.910572 0.157379
vt 0.908621 0.156874
vt 0.918122 0.071035
vt 0.915789 0.071736
vt 0.920096 0.089797
vt 0.922316 0.107452
vt 0.922345 0.089376
vt 0.924946 0.125012
vt 0.922682 0.124921
vt 0.920911 0.142257
vt 0.923069 0.142575
vt 0.917333 0.159137
vt 0.914286 0.176381
vt 0.401238 0.947485
vt 0.413138 0.949774
vt 0.401238 0.949856
vt 0.413145 0.947462
vt 0.424947 0.949726
vt 0.424949 0.947397
vt 0.363364 0.950378
vt 0.363357 0.947834
vt 0.376187 0.950201
vt 0.376171 0.947719
vt 0.388840 0.949999
vt 0.388827 0.947558
vt 0.376147 0.945571
vt 0.363319 0.939736
vt 0.376083 0.940047
vt 0.388758 0.939452
vt 0.388810 0.945425
vt 0.401245 0.945434
vt 0.401247 0.939896
vt 0.413146 0.945462
vt 0.413154 0.940325
vt 0.424929 0.939954
vt 0.424933 0.945381
vt 0.388870 0.951967
vt 0.401270 0.951752
vt 0.376216 0.952187
vt 0.363401 0.952398
vt 0.424952 0.951591
vt 0.413153 0.951623
vt 0.401283 0.956844
vt 0.413199 0.956376
vt 0.425007 0.956607
vt 0.363423 0.957885
vt 0.376206 0.957534
vt 0.388860 0.957224
vt 0.363354 0.945650
vt 0.522382 0.107471
vt 0.556947 0.776110
vt 0.567983 0.783908
vt 0.556947 0.783908
vt 0.590053 0.776110
vt 0.601089 0.783908
vt 0.590053 0.783908
vt 0.567983 0.776110
vt 0.579018 0.783908
vt 0.545912 0.776110
vt 0.545912 0.783908
vt 0.601089 0.776110
vt 0.579018 0.776110
vt 0.428184 0.971824
vt 0.440700 0.975560
vt 0.428082 0.974976
vt 0.454050 0.971966
vt 0.454098 0.975434
vt 0.466577 0.971989
vt 0.466614 0.975130
vt 0.477568 0.972114
vt 0.477597 0.974864
vt 0.487175 0.972230
vt 0.487199 0.974634
vt 0.495589 0.974450
vt 0.466682 0.968843
vt 0.477663 0.969370
vt 0.487258 0.969832
vt 0.428147 0.968689
vt 0.440663 0.968380
vt 0.440713 0.971841
vt 0.454063 0.968255
vt 0.427078 0.794768
vt 0.421349 0.810564
vt 0.417341 0.799111
vt 0.408894 0.813811
vt 0.406916 0.801720
vt 0.396022 0.814823
vt 0.396112 0.802492
vt 0.385311 0.801557
vt 0.383201 0.813591
vt 0.374884 0.798848
vt 0.370802 0.810298
vt 0.365136 0.794440
vt 0.411625 0.830142
vt 0.395955 0.831386
vt 0.365104 0.825804
vt 0.441079 0.819675
vt 0.432989 0.805227
vt 0.426811 0.826187
vt 0.378814 0.837957
vt 0.380275 0.829906
vt 0.387365 0.838635
vt 0.404434 0.838755
vt 0.412984 0.838191
vt 0.395896 0.839565
vt 0.370581 0.835580
vt 0.354627 0.829713
vt 0.362298 0.833454
vt 0.452075 0.821837
vt 0.437266 0.830208
vt 0.445094 0.826775
vt 0.421235 0.835911
vt 0.429543 0.833873
vt 0.747640 0.354842
vt 0.749123 0.348334
vt 0.753657 0.352680
vt 0.757221 0.373454
vt 0.756934 0.366785
vt 0.762454 0.369781
vt 0.778777 0.262600
vt 0.782286 0.267944
vt 0.762920 0.276265
vt 0.769337 0.274428
vt 0.767714 0.280495
vt 0.751229 0.293630
vt 0.756934 0.290165
vt 0.756970 0.296445
vt 0.744534 0.313464
vt 0.749123 0.308617
vt 0.750814 0.314665
vt 0.743309 0.334361
vt 0.746456 0.328475
vt 0.749683 0.333863
vt 0.457738 0.822450
vt 0.356959 0.834892
vt 0.373782 0.840300
vt 0.391337 0.842742
vt 0.409053 0.842107
vt 0.426357 0.838404
vt 0.442735 0.831782
vt 0.400408 0.842805
vt 0.395840 0.847560
vt 0.382697 0.841928
vt 0.365432 0.838017
vt 0.359547 0.840925
vt 0.349157 0.831221
vt 0.450601 0.827337
vt 0.449013 0.833709
vt 0.417982 0.840591
vt 0.414318 0.846061
vt 0.762920 0.380686
vt 0.767714 0.376456
vt 0.775140 0.190477
vt 0.780571 0.192380
vt 0.751229 0.363321
vt 0.756970 0.360506
vt 0.850365 0.208571
vt 0.845007 0.207603
vt 0.850048 0.202898
vt 0.744534 0.343487
vt 0.750814 0.342286
vt 0.832915 0.214284
vt 0.837690 0.216940
vt 0.836009 0.223035
vt 0.743309 0.322589
vt 0.749683 0.323088
vt 0.823054 0.220711
vt 0.819420 0.216701
vt 0.826249 0.216048
vt 0.747640 0.302109
vt 0.753657 0.304271
vt 0.805863 0.214661
vt 0.808043 0.219650
vt 0.803005 0.223488
vt 0.757220 0.283496
vt 0.762454 0.287170
vt 0.771372 0.268071
vt 0.775451 0.272995
vt 0.778595 0.197743
vt 0.784027 0.198404
vt 0.788250 0.209424
vt 0.788413 0.203743
vt 0.793588 0.208320
vt 0.801156 0.217441
vt 0.799465 0.211995
vt 0.812576 0.216239
vt 0.815892 0.220809
vt 0.812239 0.218478
vt 0.830868 0.219337
vt 0.844702 0.213067
vt 0.839235 0.211440
vt 0.855688 0.202688
vt 0.760789 0.376504
vt 0.765904 0.372472
vt 0.750277 0.358725
vt 0.756274 0.356186
vt 0.744828 0.338802
vt 0.751283 0.337936
vt 0.744828 0.318148
vt 0.751283 0.319015
vt 0.750277 0.298226
vt 0.756274 0.300765
vt 0.760789 0.280447
vt 0.765904 0.284478
vt 0.775618 0.266071
vt 0.779489 0.271309
vt 0.794039 0.213763
vt 0.434873 0.835372
vt 0.432215 0.841381
vt 0.782721 0.203689
vt 0.778496 0.193352
vt 0.851721 0.204430
vt 0.850756 0.214891
vt 0.840334 0.213443
vt 0.826641 0.218281
vt 0.819544 0.225901
vt 0.776385 0.203671
vt 0.786771 0.205318
vt 0.788036 0.215755
vt 0.798416 0.214019
vt 0.453293 0.823615
vt 0.353713 0.831658
vt 0.370013 0.837661
vt 0.377381 0.845817
vt 0.387163 0.840788
vt 0.404607 0.840909
vt 0.421780 0.837998
vt 0.438161 0.832168
vt 0.801315 0.208415
vt 0.807108 0.210862
vt 0.825535 0.212147
vt 0.831564 0.210521
vt 0.786212 0.153671
vt 0.837287 0.207913
vt 0.853782 0.159440
vt 0.783382 0.159442
vt 0.813181 0.212319
vt 0.819365 0.212762
vt 0.842540 0.204456
vt 0.855828 0.165431
vt 0.856867 0.171629
vt 0.850760 0.153825
vt 0.856877 0.177872
vt 0.846822 0.148736
vt 0.847125 0.200217
vt 0.850929 0.195322
vt 0.787326 0.196145
vt 0.791267 0.200992
vt 0.853847 0.189850
vt 0.855875 0.183990
vt 0.795967 0.205106
vt 0.781524 0.165642
vt 0.780642 0.172053
vt 0.782020 0.184739
vt 0.784218 0.190680
vt 0.780816 0.178476
vt 0.659383 0.094238
vt 0.652677 0.088297
vt 0.656615 0.086180
vt 0.653013 0.078788
vt 0.642297 0.075110
vt 0.647761 0.071056
vt 0.654721 0.096835
vt 0.656880 0.095302
vt 0.649337 0.091017
vt 0.648087 0.082094
vt 0.637286 0.079851
vt 0.668717 0.095375
vt 0.676388 0.091212
vt 0.670858 0.096957
vt 0.677824 0.082268
vt 0.681909 0.086194
vt 0.688756 0.080287
vt 0.666222 0.094249
vt 0.673109 0.088420
vt 0.672943 0.078901
vt 0.678372 0.071098
vt 0.683866 0.075391
vt 0.652970 0.098737
vt 0.644680 0.097765
vt 0.646656 0.094207
vt 0.640582 0.090239
vt 0.629696 0.091628
vt 0.633008 0.085365
vt 0.643942 0.085902
vt 0.650806 0.103288
vt 0.642972 0.105520
vt 0.643459 0.101590
vt 0.636514 0.100134
vt 0.635890 0.105436
vt 0.627748 0.098437
vt 0.651651 0.100917
vt 0.638115 0.095036
vt 0.672580 0.098911
vt 0.679013 0.094499
vt 0.685135 0.090617
vt 0.692909 0.085930
vt 0.680901 0.098116
vt 0.673862 0.101131
vt 0.687604 0.095442
vt 0.695935 0.092264
vt 0.674650 0.103535
vt 0.682085 0.101968
vt 0.689043 0.100638
vt 0.697913 0.099014
vt 0.674940 0.106023
vt 0.682470 0.105951
vt 0.689578 0.105958
vt 0.698459 0.106039
vt 0.674731 0.108499
vt 0.682072 0.109895
vt 0.688955 0.111258
vt 0.697810 0.113081
vt 0.674040 0.110871
vt 0.680963 0.113682
vt 0.687460 0.116357
vt 0.695652 0.119841
vt 0.642262 0.135439
vt 0.652021 0.130735
vt 0.648475 0.138811
vt 0.651416 0.122403
vt 0.654842 0.124301
vt 0.655667 0.116333
vt 0.657792 0.117535
vt 0.643435 0.124675
vt 0.647448 0.128082
vt 0.648455 0.119835
vt 0.662202 0.141932
vt 0.657089 0.132326
vt 0.662365 0.132894
vt 0.662439 0.125943
vt 0.658563 0.125482
vt 0.662536 0.118546
vt 0.655132 0.141038
vt 0.660115 0.118278
vt 0.632693 0.125187
vt 0.637754 0.115826
vt 0.640171 0.120530
vt 0.646046 0.116748
vt 0.651243 0.110601
vt 0.652323 0.112802
vt 0.636937 0.130752
vt 0.653815 0.114741
vt 0.627641 0.112318
vt 0.636389 0.110722
vt 0.643254 0.109455
vt 0.650606 0.108225
vt 0.629626 0.118989
vt 0.644286 0.113246
vt 0.667650 0.132532
vt 0.669264 0.141230
vt 0.666346 0.125621
vt 0.664964 0.118337
vt 0.676052 0.139318
vt 0.672739 0.130982
vt 0.670095 0.124489
vt 0.667301 0.117648
vt 0.682436 0.136050
vt 0.677411 0.128465
vt 0.673570 0.122672
vt 0.669459 0.116504
vt 0.681555 0.125145
vt 0.687910 0.131435
vt 0.676594 0.120177
vt 0.671348 0.114952
vt 0.684982 0.121066
vt 0.692284 0.125959
vt 0.679099 0.117157
vt 0.672897 0.113050
vt 0.657860 0.107108
vt 0.658098 0.108064
vt 0.654730 0.065472
vt 0.657950 0.058853
vt 0.656812 0.066013
vt 0.667414 0.105232
vt 0.667220 0.108158
vt 0.665407 0.110442
vt 0.665051 0.102116
vt 0.664101 0.101727
vt 0.658522 0.108952
vt 0.657817 0.106121
vt 0.650450 0.105757
vt 0.659543 0.102656
vt 0.666572 0.103430
vt 0.662628 0.111275
vt 0.663606 0.111198
vt 0.659115 0.109736
vt 0.667549 0.106217
vt 0.661653 0.111156
vt 0.658839 0.103367
vt 0.658302 0.104205
vt 0.666160 0.109809
vt 0.659864 0.110372
vt 0.660715 0.110862
vt 0.657960 0.105139
vt 0.667093 0.104285
vt 0.664544 0.110911
vt 0.667483 0.107205
vt 0.661336 0.101732
vt 0.660387 0.102094
vt 0.666773 0.109038
vt 0.665885 0.102689
vt 0.661421 0.052053
vt 0.658150 0.054604
vt 0.660838 0.051462
vt 0.651118 0.046027
vt 0.654980 0.052005
vt 0.649565 0.047582
vt 0.652770 0.064562
vt 0.657096 0.058684
vt 0.654526 0.052679
vt 0.648348 0.049407
vt 0.651006 0.063305
vt 0.656304 0.058359
vt 0.654213 0.053431
vt 0.647513 0.051430
vt 0.649501 0.061739
vt 0.655599 0.057892
vt 0.654055 0.054232
vt 0.647086 0.053573
vt 0.648317 0.059915
vt 0.655004 0.057304
vt 0.654057 0.055050
vt 0.647083 0.055756
vt 0.647499 0.057897
vt 0.654539 0.056616
vt 0.668719 0.059747
vt 0.662183 0.056112
vt 0.669351 0.057690
vt 0.654220 0.055855
vt 0.654971 0.043973
vt 0.657780 0.050507
vt 0.656981 0.050667
vt 0.662359 0.055248
vt 0.669611 0.055543
vt 0.659305 0.043546
vt 0.657116 0.043549
vt 0.658965 0.066181
vt 0.658831 0.058851
vt 0.656230 0.050980
vt 0.655558 0.051435
vt 0.661104 0.065967
vt 0.659716 0.058683
vt 0.652946 0.044809
vt 0.668983 0.051290
vt 0.662362 0.054377
vt 0.662199 0.053536
vt 0.661453 0.043971
vt 0.660155 0.050999
vt 0.659397 0.050681
vt 0.669490 0.053392
vt 0.658596 0.050520
vt 0.666855 0.047524
vt 0.661881 0.052752
vt 0.665297 0.046002
vt 0.668097 0.049309
vt 0.663475 0.044801
vt 0.915783 0.014898
vt 0.921011 0.019754
vt 0.915298 0.015714
vt 0.916337 0.013090
vt 0.923388 0.011995
vt 0.923268 0.014053
vt 0.916132 0.014016
vt 0.922064 0.017982
vt 0.922823 0.016065
vt 0.914691 0.016442
vt 0.918136 0.022691
vt 0.913975 0.017065
vt 0.916053 0.010282
vt 0.923181 0.009944
vt 0.916297 0.011199
vt 0.919691 0.021337
vt 0.916392 0.012143
vt 0.912296 0.017934
vt 0.912484 0.025067
vt 0.911374 0.018158
vt 0.905191 0.009416
vt 0.900172 0.004343
vt 0.905709 0.008622
vt 0.910429 0.025231
vt 0.910429 0.018234
vt 0.898207 0.007952
vt 0.899046 0.006069
vt 0.913170 0.017566
vt 0.916387 0.023781
vt 0.921812 0.006069
vt 0.922651 0.007952
vt 0.914486 0.024580
vt 0.905559 0.015714
vt 0.901166 0.021337
vt 0.899846 0.019754
vt 0.915667 0.009416
vt 0.920685 0.004343
vt 0.905075 0.014898
vt 0.898793 0.017982
vt 0.906167 0.016442
vt 0.902721 0.022691
vt 0.904726 0.014016
vt 0.898035 0.016065
vt 0.906882 0.017065
vt 0.904471 0.023781
vt 0.897590 0.014053
vt 0.904521 0.013090
vt 0.907687 0.017566
vt 0.906371 0.024580
vt 0.904465 0.012143
vt 0.897469 0.011995
vt 0.908561 0.017934
vt 0.908374 0.025067
vt 0.904561 0.011199
vt 0.897677 0.009944
vt 0.909483 0.018158
vt 0.904805 0.010282
vt 0.661843 0.056948
vt 0.712718 0.609856
vt 0.598712 0.568872
vt 0.678077 0.388108
vt 0.669915 0.669719
vt 0.617545 0.138466
vt 0.863469 0.021548
vt 0.223788 0.554498
vt 0.872311 0.009865
vt 0.879218 0.004733
vt 0.484060 0.938668
vt 0.449037 0.940030
vt 0.310565 0.958577
vt 0.501771 0.776110
vt 0.612124 0.776110
vt 0.378360 0.971291
vt 0.495641 0.970222
vt 0.454891 0.762678
vt 0.782348 0.256878
vt 0.845726 0.406587
vt 0.485984 0.607931
vt 0.734155 0.261582
vt 0.715259 0.769974
vt 0.571452 0.164223
vt 0.535137 0.164068
vt 0.262264 0.585024
vt 0.924460 0.107298
vt 0.919367 0.159665
vt 0.742911 0.350033
vt 0.751391 0.370063
vt 0.764854 0.269804
vt 0.751391 0.286888
vt 0.742911 0.306918
vt 0.740016 0.328475
vt 0.789967 0.148479
vt 0.669200 0.086213
vt 0.627111 0.105371
vt 0.915148 0.008622
s 1
usemtl Black.004
f 21/1/1 39/2/2 20/3/3
f 22/4/4 41/5/5 21/6/1
f 24/7/6 43/8/7 22/4/4
f 35/9/8 9/10/9 10/11/10
f 26/12/11 45/13/12 24/7/6
f 20/3/3 37/14/13 19/15/14
f 19/15/14 33/16/15 17/17/16
f 19/15/14 1/18/17 3/19/18
f 20/3/3 3/19/18 4/20/19
f 21/1/1 4/20/19 5/21/20
f 22/4/4 5/22/20 6/23/21
f 24/7/6 6/23/21 7/24/22
f 24/7/6 8/25/23 26/12/11
f 34/26/24 11/27/25 9/10/9
f 42/28/26 12/29/27 40/30/28
f 42/31/26 14/32/29 13/33/30
f 44/34/31 15/35/32 14/32/29
f 46/36/33 16/37/34 15/35/32
f 40/30/28 11/27/25 38/38/35
f 2/39/36 32/40/37 1/18/17
f 8/25/23 25/41/38 23/42/39
f 7/24/22 27/43/40 25/41/38
f 6/23/21 28/44/41 27/43/40
f 5/21/20 29/45/42 28/46/41
f 3/19/18 29/45/42 4/20/19
f 1/18/17 30/47/43 3/19/18
f 35/9/8 33/16/15 34/26/24
f 34/26/24 37/14/13 38/38/35
f 38/38/35 39/2/2 40/30/28
f 40/30/28 41/48/5 42/28/26
f 44/34/31 41/5/5 43/8/7
f 44/34/31 45/13/12 46/36/33
f 47/49/44 46/36/33 45/13/12
f 17/17/16 36/50/45 18/51/46
f 62/52/47 75/53/48 60/54/49
f 64/55/50 77/56/51 62/52/47
f 56/57/52 69/58/53 54/59/54
f 54/59/54 65/60/55 50/61/56
f 58/62/57 71/63/58 56/57/52
f 60/54/49 73/64/59 58/65/57
f 15/66/32 59/67/60 14/68/29
f 16/69/34 61/70/61 15/66/32
f 9/71/9 52/72/62 10/73/10
f 11/74/25 49/75/63 9/71/9
f 11/74/25 55/76/64 53/77/65
f 13/78/30 55/76/64 12/79/27
f 14/68/29 57/80/66 13/81/30
f 51/82/67 49/75/63 50/61/56
f 50/61/56 53/77/65 54/59/54
f 54/59/54 55/76/64 56/57/52
f 58/62/57 55/76/64 57/83/66
f 58/65/57 59/67/60 60/54/49
f 60/54/49 61/70/61 62/52/47
f 61/70/61 64/55/50 62/52/47
f 66/84/68 68/85/69 65/60/55
f 70/86/70 65/60/55 69/58/53
f 72/87/71 69/58/53 71/63/58
f 72/87/71 73/88/59 74/89/72
f 76/90/73 73/64/59 75/53/48
f 78/91/74 75/53/48 77/56/51
f 77/56/51 80/92/75 78/91/74
f 50/61/56 68/85/69 51/82/67
f 70/93/70 72/94/71 81/95/76
f 81/95/76 72/94/71 74/96/72
f 74/96/72 76/97/73 81/95/76
f 76/97/73 78/98/74 81/95/76
f 78/98/74 80/99/75 81/95/76
f 67/100/77 66/101/68 81/95/76
f 66/101/68 70/93/70 81/95/76
f 17/17/16 2/39/36 1/18/17
f 28/102/78 84/103/79 27/104/80
f 30/105/81 89/106/82 87/107/83
f 25/108/84 82/109/85 23/110/86
f 29/111/87 85/112/88 28/113/78
f 27/104/80 83/114/89 25/108/84
f 32/115/90 88/116/91 89/106/82
f 29/111/87 87/107/83 86/117/92
f 86/117/92 102/118/93 85/112/88
f 85/119/88 103/120/94 84/103/79
f 84/103/79 104/121/95 83/114/89
f 101/122/96 114/123/97 102/124/98
f 115/125/99 95/126/100 94/127/101
f 120/128/102 95/126/100 121/129/103
f 118/130/104 97/131/105 120/128/102
f 83/114/89 105/132/106 82/109/85
f 89/106/82 99/133/107 98/134/108
f 87/107/83 98/134/108 100/135/109
f 87/107/83 101/136/110 86/117/92
f 119/137/111 91/138/112 90/139/113
f 117/140/114 92/141/115 91/138/112
f 114/142/97 92/141/115 116/143/116
f 93/144/117 108/145/118 92/141/115
f 93/146/117 110/147/119 109/148/120
f 95/126/100 110/147/119 94/127/101
f 97/131/105 111/149/121 95/126/100
f 90/139/113 107/150/122 106/151/123
f 97/131/105 112/152/124 113/153/125
f 92/141/115 107/150/122 91/138/112
f 100/154/126 115/125/99 101/122/96
f 98/155/127 121/129/103 100/154/126
f 99/156/128 120/128/102 98/155/127
f 104/157/129 119/137/111 105/158/130
f 103/159/131 117/140/114 104/157/129
f 102/160/98 116/143/116 103/159/131
f 114/123/97 94/127/101 93/146/117
f 111/149/121 129/161/132 127/162/133
f 112/152/124 129/161/132 113/153/125
f 107/150/122 122/163/134 106/151/123
f 108/145/118 123/164/135 107/150/122
f 109/165/120 124/166/136 108/145/118
f 110/147/119 125/167/137 109/148/120
f 110/147/119 127/162/133 126/168/138
f 234/169/139 131/170/140 130/171/141
f 236/172/142 131/170/140 235/173/143
f 236/172/142 133/174/144 132/175/145
f 238/176/146 133/177/144 237/178/147
f 239/179/148 134/180/149 238/176/146
f 240/181/150 135/182/151 239/179/148
f 240/181/150 136/183/152 137/184/153
f 162/185/154 182/186/155 159/187/156
f 168/188/157 185/189/158 162/185/154
f 170/190/159 139/191/160 138/192/161
f 165/193/162 191/194/163 168/188/157
f 131/195/164 147/196/165 130/197/166
f 156/198/167 176/199/168 153/200/169
f 159/187/156 179/201/170 156/202/167
f 135/203/171 158/204/172 134/205/173
f 137/206/174 161/207/175 135/203/171
f 136/208/176 167/209/177 137/206/174
f 153/200/169 173/210/178 150/211/179
f 131/195/164 152/212/180 149/213/181
f 132/214/182 155/215/183 152/212/180
f 134/205/173 155/216/183 133/217/184
f 177/218/185 139/191/160 174/219/186
f 180/220/187 140/221/188 177/218/185
f 180/222/187 142/223/189 141/224/190
f 183/225/191 143/226/192 142/223/189
f 192/227/193 143/226/192 186/228/194
f 192/227/193 144/229/195 145/230/196
f 150/211/179 148/231/197 151/232/198
f 151/232/198 147/196/165 149/213/181
f 152/212/180 151/232/198 149/213/181
f 151/232/198 153/200/169 150/211/179
f 155/215/183 154/233/199 152/212/180
f 154/233/199 156/198/167 153/200/169
f 158/204/172 157/234/200 155/216/183
f 160/235/201 156/202/167 157/234/200
f 161/207/175 160/235/201 158/204/172
f 163/236/202 159/187/156 160/235/201
f 167/209/177 163/236/202 161/207/175
f 169/237/203 162/185/154 163/236/202
f 167/209/177 166/238/204 169/237/203
f 169/237/203 165/193/162 168/188/157
f 170/239/159 175/240/205 174/241/186
f 172/242/206 173/210/178 175/240/205
f 176/199/168 175/240/205 173/210/178
f 178/243/207 174/241/186 175/240/205
f 179/244/170 178/243/207 176/199/168
f 178/243/207 180/245/187 177/246/185
f 179/201/170 184/247/208 181/248/209
f 184/247/208 180/249/187 181/248/209
f 182/186/155 187/250/210 184/247/208
f 184/247/208 186/251/194 183/252/191
f 191/194/163 187/250/210 185/189/158
f 187/250/210 192/253/193 186/251/194
f 188/254/211 193/255/212 191/194/163
f 190/256/213 192/253/193 193/255/212
f 150/211/179 171/257/214 146/258/215
f 196/259/216 210/260/217 197/261/218
f 195/262/219 212/263/220 196/259/216
f 194/264/221 216/265/222 195/262/219
f 200/266/223 203/267/224 201/268/225
f 199/269/226 204/270/227 200/266/223
f 198/271/228 206/272/229 199/269/226
f 197/261/218 208/273/230 198/274/228
f 207/275/231 226/276/232 228/277/233
f 209/278/234 228/277/233 229/279/235
f 211/280/236 229/281/235 230/282/237
f 231/283/238 211/280/236 230/282/237
f 232/284/239 213/285/240 231/283/238
f 215/286/241 232/284/239 233/287/36
f 223/288/242 198/274/228 220/289/243
f 222/290/244 198/271/228 199/269/226
f 221/291/245 199/269/226 200/266/223
f 221/291/245 201/268/225 224/292/246
f 218/293/247 195/262/219 225/294/248
f 219/295/249 195/262/219 196/259/216
f 219/295/249 197/261/218 223/288/242
f 203/267/224 226/276/232 227/296/23
f 143/297/192 223/288/242 142/298/189
f 145/299/196 219/295/249 143/297/192
f 144/300/195 225/294/248 145/299/196
f 138/301/161 221/291/245 224/292/246
f 139/302/160 222/290/244 221/291/245
f 140/303/188 220/304/243 222/290/244
f 142/298/189 220/289/243 141/305/190
f 202/306/250 226/276/232 205/307/251
f 233/287/36 216/265/222 214/308/252
f 216/265/222 231/283/238 212/263/220
f 231/283/238 210/260/217 212/263/220
f 230/282/237 208/273/230 210/260/217
f 208/309/230 228/277/233 206/272/229
f 206/272/229 226/276/232 204/270/227
f 128/310/253 240/181/150 129/161/132
f 129/161/132 239/179/148 127/162/133
f 127/162/133 238/176/146 126/168/138
f 126/168/138 237/178/147 125/167/137
f 125/311/137 236/172/142 124/166/136
f 124/166/136 235/173/143 123/164/135
f 123/164/135 234/169/139 122/163/134
f 209/312/254 244/313/255 207/314/255
f 217/315/256 247/316/257 213/317/257
f 211/318/258 245/319/254 209/320/254
f 207/314/255 243/321/259 205/322/259
f 215/323/260 249/324/256 217/315/256
f 205/322/259 242/325/261 202/326/261
f 213/317/257 246/327/258 211/318/258
f 244/328/262 257/329/263 243/330/264
f 245/331/265 250/332/266 244/328/262
f 246/333/267 251/334/268 245/335/265
f 247/336/269 252/337/270 246/333/267
f 247/336/269 254/338/271 253/339/272
f 249/340/273 255/341/274 254/338/271
f 243/330/264 256/342/275 242/343/276
f 253/339/272 262/344/277 252/337/270
f 254/338/271 263/345/278 253/339/272
f 255/341/274 265/346/279 254/338/271
f 256/342/275 259/347/280 258/348/281
f 257/329/263 260/349/282 259/347/280
f 250/332/266 261/350/283 260/349/282
f 251/334/268 262/344/277 261/351/283
f 258/352/284 267/353/285 266/354/286
f 259/355/287 268/356/288 267/353/285
f 260/357/289 269/358/290 268/356/288
f 262/359/291 269/360/290 261/361/292
f 263/362/293 270/363/294 262/359/291
f 265/364/295 271/365/296 263/362/293
f 265/364/295 272/366/297 273/367/298
f 270/363/294 277/368/299 269/360/290
f 271/365/296 278/369/300 270/363/294
f 273/367/298 279/370/301 271/365/296
f 272/366/297 281/371/302 273/367/298
f 266/354/286 275/372/303 274/373/304
f 268/356/288 275/372/303 267/353/285
f 308/374/305 362/375/306 279/370/301
f 361/376/307 306/377/308 277/368/299
f 362/375/306 307/378/309 278/369/300
f 363/379/310 308/374/305 279/370/301
f 364/380/311 309/381/312 281/371/302
f 358/382/313 311/383/314 274/373/304
f 359/384/315 312/385/316 275/372/303
f 360/386/317 313/387/318 276/388/319
f 295/389/320 348/390/321 326/391/322
f 297/392/323 351/393/324 329/394/325
f 290/395/326 354/396/327 332/397/328
f 291/398/329 336/399/330 314/400/331
f 292/401/332 339/402/333 317/403/334
f 293/404/335 342/405/336 320/406/337
f 294/407/338 345/408/339 323/409/340
f 275/372/303 358/382/313 274/373/304
f 276/388/319 359/384/315 275/372/303
f 306/410/308 360/386/317 277/411/299
f 307/378/309 361/376/307 278/369/300
f 310/412/341 364/380/311 280/413/342
f 309/381/312 363/379/310 281/371/302
f 354/414/313 311/383/314 358/382/313
f 351/415/311 309/381/312 364/380/311
f 348/416/310 308/374/305 363/379/310
f 345/417/306 307/378/309 362/375/306
f 342/418/307 306/377/308 361/376/307
f 339/419/317 313/387/318 360/386/317
f 336/420/315 312/385/316 359/384/315
f 360/386/317 276/388/319 277/411/299
f 313/387/318 359/384/315 276/388/319
f 312/385/316 358/382/313 275/372/303
f 364/380/311 281/371/302 280/413/342
f 363/379/310 279/370/301 281/371/302
f 362/375/306 278/369/300 279/370/301
f 361/376/307 277/368/299 278/369/300
f 307/378/309 286/421/309 341/422/307
f 344/423/306 362/375/306 308/374/305
f 309/381/312 289/424/312 347/425/310
f 350/426/311 364/380/311 310/412/341
f 312/385/316 283/427/316 353/428/313
f 306/410/308 285/429/308 338/430/317
f 296/431/343 350/432/344 288/433/345
f 332/434/346 366/435/347 298/436/348
f 297/392/323 347/437/349 289/438/345
f 329/439/350 369/440/351 305/441/352
f 295/389/320 344/442/353 287/443/345
f 303/444/354 295/445/355 326/446/356
f 294/407/338 341/447/357 286/448/345
f 323/449/358 367/450/359 302/451/360
f 293/452/335 338/453/361 285/454/345
f 301/455/362 293/456/363 320/457/364
f 292/401/332 335/458/365 284/459/345
f 291/398/329 353/460/366 283/461/345
f 333/462/367 299/463/368 366/435/347
f 315/464/369 300/465/370 365/466/371
f 318/467/372 301/468/362 355/469/373
f 356/470/374 322/471/375 321/472/376
f 324/473/377 303/444/354 367/450/359
f 327/474/378 305/441/352 368/475/379
f 330/476/380 304/477/381 369/440/351
f 329/394/325 352/478/382 331/479/383
f 352/478/382 330/480/384 331/479/383
f 326/391/322 349/481/385 328/482/386
f 349/481/385 327/483/387 328/482/386
f 323/409/340 346/484/388 325/485/389
f 346/484/388 324/486/390 325/485/389
f 320/406/337 343/487/391 322/488/392
f 343/487/391 321/489/393 322/488/392
f 317/403/334 340/490/394 319/491/395
f 340/490/394 318/492/396 319/491/395
f 314/400/331 337/493/397 316/494/398
f 337/493/397 315/495/399 316/494/398
f 332/397/328 357/496/400 334/497/401
f 357/496/400 333/498/402 334/497/401
f 317/499/403 355/469/373 300/465/370
f 313/387/318 284/500/318 335/501/315
f 314/502/404 365/466/371 299/463/368
f 332/434/346 334/503/405 366/435/347
f 298/436/348 290/504/406 332/434/346
f 329/439/350 331/505/407 369/440/351
f 305/441/352 297/506/408 329/439/350
f 326/446/356 328/507/409 368/475/379
f 368/475/379 303/444/354 326/446/356
f 323/449/358 325/508/410 367/450/359
f 302/451/360 294/509/411 323/449/358
f 320/457/364 322/471/375 356/470/374
f 356/470/374 301/455/362 320/457/364
f 366/435/347 334/503/405 333/462/367
f 333/462/367 291/510/412 299/463/368
f 365/466/371 316/511/413 315/464/369
f 315/464/369 292/512/414 300/465/370
f 355/469/373 319/513/415 318/467/372
f 318/467/372 293/514/363 301/468/362
f 321/472/376 294/509/411 302/451/360
f 302/451/360 356/470/374 321/472/376
f 367/450/359 325/508/410 324/473/377
f 324/473/377 295/445/355 303/444/354
f 368/475/379 328/507/409 327/474/378
f 327/474/378 297/506/408 305/441/352
f 369/440/351 331/505/407 330/476/380
f 330/476/380 296/515/416 304/477/381
f 317/499/403 319/513/415 355/469/373
f 300/465/370 292/512/414 317/499/403
f 314/502/404 316/511/413 365/466/371
f 299/463/368 291/510/412 314/502/404
f 358/382/313 357/516/313 354/414/313
f 354/414/313 282/517/314 311/383/314
f 364/380/311 352/518/311 351/415/311
f 351/415/311 289/424/312 309/381/312
f 363/379/310 349/519/310 348/416/310
f 348/416/310 287/520/305 308/374/305
f 362/375/306 346/521/306 345/417/306
f 345/417/306 286/421/309 307/378/309
f 361/376/307 343/522/307 342/418/307
f 342/418/307 285/523/308 306/377/308
f 360/386/317 340/524/317 339/419/317
f 339/419/317 284/500/318 313/387/318
f 359/384/315 337/525/315 336/420/315
f 336/420/315 283/427/316 312/385/316
f 341/422/307 343/522/307 361/376/307
f 361/376/307 307/378/309 341/422/307
f 344/423/306 346/521/306 362/375/306
f 308/374/305 287/520/305 344/423/306
f 347/425/310 349/519/310 363/379/310
f 363/379/310 309/381/312 347/425/310
f 350/426/311 352/518/311 364/380/311
f 310/412/341 288/526/341 350/426/311
f 353/428/313 357/516/313 358/382/313
f 358/382/313 312/385/316 353/428/313
f 338/430/317 340/524/317 360/386/317
f 360/386/317 306/410/308 338/430/317
f 335/501/315 337/525/315 359/384/315
f 359/384/315 313/387/318 335/501/315
f 268/356/288 277/411/299 276/388/319
f 398/527/417 385/528/418 384/529/419
f 400/530/420 386/531/421 385/528/418
f 402/532/422 387/533/423 386/531/421
f 10/11/10 395/534/424 35/9/8
f 404/535/425 26/12/11 387/533/423
f 396/536/426 384/529/419 383/537/427
f 394/538/428 383/537/427 382/539/429
f 383/537/427 370/540/430 382/539/429
f 384/529/419 371/541/431 383/537/427
f 385/528/418 372/542/432 384/529/419
f 386/531/421 373/543/433 385/528/418
f 387/533/423 374/544/434 386/531/421
f 26/12/11 375/545/435 387/533/423
f 376/546/436 397/547/437 395/534/424
f 378/548/438 401/549/439 399/550/440
f 401/549/439 380/551/441 403/552/442
f 403/552/442 381/553/443 405/554/444
f 381/553/443 48/555/445 405/554/444
f 377/556/446 399/550/440 397/547/437
f 393/557/447 2/39/36 370/540/430
f 8/25/23 388/558/448 375/545/435
f 375/545/435 389/559/449 374/544/434
f 374/544/434 390/560/450 373/543/433
f 373/543/433 391/561/451 372/542/432
f 391/561/451 371/541/431 372/542/432
f 392/562/452 370/540/430 371/541/431
f 395/534/424 36/50/45 35/9/8
f 397/547/437 394/538/428 395/534/424
f 398/527/417 397/547/437 399/550/440
f 400/530/420 399/550/440 401/549/439
f 402/532/422 401/549/439 403/552/442
f 404/535/425 403/552/442 405/554/444
f 405/554/444 47/49/44 404/535/425
f 36/50/45 382/539/429 18/51/46
f 426/563/453 417/564/454 415/565/455
f 428/566/456 64/55/50 417/564/454
f 420/567/457 411/568/458 409/569/459
f 418/570/460 409/569/459 407/571/461
f 422/572/462 413/573/463 411/568/458
f 424/574/464 415/565/455 413/573/463
f 380/575/441 416/576/465 381/577/443
f 381/577/443 63/578/466 16/69/34
f 10/73/10 406/579/467 376/580/436
f 376/580/436 408/581/468 377/582/446
f 408/581/468 378/583/438 377/582/446
f 410/584/469 379/585/470 378/583/438
f 412/586/471 380/575/441 379/585/470
f 406/579/467 51/82/67 407/571/461
f 408/581/468 407/571/461 409/569/459
f 410/584/469 409/569/459 411/568/458
f 413/573/463 410/584/469 411/568/458
f 415/565/455 412/586/471 413/573/463
f 416/576/465 415/565/455 417/564/454
f 417/564/454 63/578/466 416/576/465
f 419/587/472 68/85/69 67/588/77
f 421/589/473 418/570/460 419/587/472
f 423/590/474 420/567/457 421/589/473
f 424/574/464 423/590/474 425/591/475
f 426/563/453 425/591/475 427/592/476
f 428/566/456 427/592/476 429/593/477
f 429/593/477 79/594/478 428/566/456
f 68/85/69 407/571/461 51/82/67
f 421/595/473 81/95/76 423/596/474
f 81/95/76 425/597/475 423/596/474
f 425/597/475 81/95/76 427/598/476
f 427/598/476 81/95/76 429/599/477
f 429/599/477 81/95/76 80/99/75
f 67/100/77 81/95/76 419/600/472
f 419/600/472 81/95/76 421/595/473
f 370/540/430 18/51/46 382/539/429
f 431/601/479 390/602/480 389/603/481
f 392/604/482 435/605/483 393/606/484
f 82/109/85 388/607/485 23/110/86
f 390/602/480 433/608/486 391/609/487
f 430/610/488 389/603/481 388/607/485
f 393/606/484 88/116/91 31/611/489
f 391/609/487 434/612/490 392/604/482
f 445/613/491 433/608/486 432/614/492
f 446/615/493 432/614/492 431/601/479
f 430/610/488 446/615/493 431/601/479
f 445/616/494 455/617/495 444/618/496
f 439/619/497 459/620/498 455/617/495
f 440/621/499 458/622/500 459/620/498
f 458/622/500 96/623/501 118/130/104
f 82/109/85 447/624/502 430/610/488
f 442/625/503 88/116/91 435/605/483
f 443/626/504 435/605/483 434/612/490
f 433/608/486 443/626/504 434/612/490
f 90/139/113 457/627/505 119/137/111
f 436/628/506 456/629/507 457/627/505
f 437/630/508 454/631/509 456/629/507
f 449/632/510 438/633/511 437/630/508
f 450/634/512 439/619/497 438/633/511
f 451/635/513 440/621/499 439/619/497
f 452/636/514 441/637/515 440/621/499
f 106/151/123 436/628/506 90/139/113
f 453/638/516 96/623/501 441/637/515
f 448/639/517 437/630/508 436/628/506
f 444/618/496 459/620/498 443/640/518
f 443/640/518 458/622/500 442/641/519
f 458/622/500 99/156/128 442/641/519
f 119/137/111 447/642/520 105/158/130
f 447/642/520 456/629/507 446/643/521
f 456/629/507 445/616/494 446/643/521
f 438/633/511 455/617/495 454/631/509
f 452/636/514 465/644/522 453/638/516
f 453/638/516 128/310/253 112/152/124
f 106/151/123 460/645/523 448/639/517
f 460/645/523 449/632/510 448/639/517
f 461/646/524 450/634/512 449/632/510
f 462/647/525 451/635/513 450/634/512
f 463/648/526 452/636/514 451/635/513
f 130/171/141 544/649/527 234/169/139
f 544/649/527 467/650/528 545/651/529
f 467/650/528 546/652/530 545/651/529
f 468/653/531 547/654/532 546/652/530
f 547/654/532 470/655/533 548/656/534
f 548/656/534 471/657/535 549/658/536
f 471/657/535 241/659/537 549/658/536
f 505/660/538 491/661/539 488/662/540
f 508/663/541 494/664/542 491/661/539
f 138/192/161 497/665/543 170/190/159
f 511/666/544 165/193/162 494/664/542
f 130/197/166 478/667/545 466/668/546
f 499/669/547 485/670/548 482/671/549
f 502/672/550 488/662/540 485/670/548
f 487/673/551 470/674/552 469/675/553
f 490/676/554 471/677/555 470/674/552
f 471/677/555 164/678/556 136/208/176
f 496/679/557 482/671/549 479/680/558
f 466/668/546 481/681/559 467/682/560
f 467/682/560 484/683/561 468/684/562
f 468/684/562 487/673/551 469/675/553
f 472/685/563 500/686/564 497/665/543
f 473/687/565 503/688/566 500/686/564
f 474/689/567 506/690/568 503/688/566
f 475/691/569 509/692/570 506/690/568
f 509/692/570 477/693/571 512/694/572
f 477/693/571 189/695/573 512/694/572
f 480/696/574 146/258/215 479/680/558
f 478/667/545 148/231/197 480/696/574
f 478/667/545 483/697/575 481/681/559
f 479/680/558 483/697/575 480/696/574
f 481/681/559 486/698/576 484/683/561
f 482/671/549 486/698/576 483/697/575
f 486/698/576 487/673/551 484/683/561
f 485/670/548 489/699/577 486/698/576
f 487/673/551 492/700/578 490/676/554
f 488/662/540 492/700/578 489/699/577
f 490/676/554 495/701/579 493/702/580
f 492/700/578 494/664/542 495/701/579
f 495/701/579 164/678/556 493/702/580
f 495/701/579 165/193/162 166/238/204
f 497/703/543 172/242/206 170/239/159
f 498/704/581 171/257/214 172/242/206
f 496/679/557 501/705/582 499/669/547
f 497/703/543 501/705/582 498/704/581
f 499/669/547 504/706/583 502/672/550
f 500/707/564 504/706/583 501/705/582
f 504/706/583 505/660/538 502/672/550
f 504/706/583 506/708/568 507/709/584
f 505/660/538 510/710/585 508/663/541
f 506/708/568 510/710/585 507/709/584
f 510/710/585 511/666/544 508/663/541
f 509/711/570 513/712/586 510/710/585
f 513/712/586 188/254/211 511/666/544
f 513/712/586 189/713/573 190/256/213
f 171/257/214 479/680/558 146/258/215
f 526/714/587 515/715/588 516/716/589
f 528/717/590 514/718/591 515/715/588
f 530/719/592 194/264/221 514/718/591
f 203/267/224 519/720/593 201/268/225
f 520/721/594 518/722/595 519/720/593
f 522/723/596 517/724/597 518/722/595
f 524/725/598 516/716/589 517/724/597
f 539/726/599 521/727/600 523/728/601
f 539/726/599 525/729/602 540/730/603
f 541/731/604 525/729/602 527/732/605
f 542/733/606 527/732/605 529/734/607
f 542/733/606 531/735/608 543/736/609
f 543/736/609 215/286/241 233/287/36
f 533/737/610 516/716/589 536/738/611
f 518/722/595 533/737/610 535/739/612
f 519/720/593 535/739/612 534/740/613
f 224/292/246 519/720/593 534/740/613
f 537/741/614 194/264/221 218/293/247
f 532/742/615 514/718/591 537/741/614
f 536/738/611 515/715/588 532/742/615
f 227/296/23 520/721/594 203/267/224
f 475/743/569 532/742/615 476/744/616
f 532/742/615 477/745/571 476/744/616
f 537/741/614 144/300/195 477/745/571
f 138/301/161 534/740/613 472/746/563
f 472/746/563 535/739/612 473/747/565
f 473/747/565 533/737/610 474/748/567
f 474/748/567 536/738/611 475/743/569
f 202/306/250 538/749/617 227/296/23
f 214/308/252 543/736/609 233/287/36
f 530/719/592 542/733/606 543/736/609
f 528/717/590 541/731/604 542/733/606
f 526/714/587 540/730/603 541/731/604
f 522/723/596 540/730/603 524/725/598
f 520/721/594 539/726/599 522/723/596
f 465/644/522 241/659/537 128/310/253
f 548/656/534 465/644/522 464/750/618
f 547/654/532 464/750/618 463/648/526
f 546/652/530 463/648/526 462/647/525
f 545/651/529 462/647/525 461/646/524
f 544/649/527 461/646/524 460/645/523
f 234/169/139 460/645/523 122/163/134
f 551/751/619 525/752/620 523/753/619
f 554/754/621 531/755/622 529/756/621
f 552/757/620 527/758/623 525/752/620
f 550/759/624 523/753/619 521/760/624
f 555/761/622 215/323/260 531/755/622
f 242/325/261 521/760/624 202/326/261
f 553/762/623 529/756/621 527/758/623
f 561/763/625 551/764/626 550/765/627
f 551/764/626 557/766/628 552/767/629
f 552/767/629 558/768/630 553/769/631
f 553/769/631 559/770/632 554/771/633
f 554/771/633 560/772/634 555/773/635
f 555/773/635 255/341/274 248/774/636
f 256/342/275 550/765/627 242/343/276
f 565/775/637 559/770/632 558/768/630
f 566/776/638 560/772/634 559/770/632
f 567/777/639 255/341/274 560/772/634
f 256/342/275 562/778/640 561/763/625
f 561/763/625 563/779/641 556/780/642
f 556/780/642 564/781/643 557/766/628
f 564/781/643 558/768/630 557/766/628
f 266/354/286 562/782/644 258/352/284
f 562/782/644 569/783/645 563/784/646
f 563/784/646 570/785/647 564/786/648
f 564/786/648 571/787/649 565/788/650
f 571/787/649 566/789/651 565/788/650
f 572/790/652 567/791/653 566/789/651
f 573/792/654 264/793/655 567/791/653
f 576/794/656 571/787/649 570/785/647
f 577/795/657 572/790/652 571/787/649
f 572/790/652 579/796/658 573/792/654
f 573/792/654 280/413/342 272/366/297
f 266/354/286 574/797/659 568/798/660
f 568/798/660 575/799/661 569/783/645
f 600/800/662 578/801/663 652/802/664
f 651/803/665 576/794/656 598/804/666
f 652/802/664 577/795/657 599/805/667
f 653/806/668 578/801/663 600/800/662
f 654/807/669 579/796/658 601/808/670
f 648/809/671 274/373/304 311/383/314
f 649/810/672 574/797/659 602/811/673
f 650/812/674 575/799/661 603/813/675
f 638/814/676 590/815/677 616/816/678
f 641/817/679 591/818/680 619/819/681
f 644/820/682 290/395/326 622/821/683
f 626/822/684 586/823/685 604/824/686
f 629/825/687 587/826/688 607/827/689
f 632/828/690 588/829/691 610/830/692
f 635/831/693 589/832/694 613/833/695
f 574/797/659 274/373/304 648/809/671
f 575/799/661 574/797/659 649/810/672
f 598/804/666 576/794/656 650/812/674
f 599/805/667 577/795/657 651/803/665
f 310/412/341 280/413/342 654/807/669
f 601/808/670 579/796/658 653/806/668
f 644/834/671 648/809/671 311/383/314
f 641/835/669 654/807/669 601/808/670
f 638/836/668 653/806/668 600/800/662
f 635/837/664 652/802/664 599/805/667
f 632/838/665 651/803/665 598/804/666
f 629/839/674 650/812/674 603/813/675
f 626/840/672 649/810/672 602/811/673
f 650/812/674 576/794/656 575/799/661
f 603/813/675 575/799/661 649/810/672
f 602/811/673 574/797/659 648/809/671
f 654/807/669 280/413/342 579/796/658
f 653/806/668 579/796/658 578/801/663
f 652/802/664 578/801/663 577/795/657
f 651/803/665 577/795/657 576/794/656
f 599/805/667 631/841/665 583/842/667
f 634/843/664 600/800/662 652/802/664
f 601/808/670 637/844/668 585/845/670
f 640/846/669 310/412/341 654/807/669
f 602/811/673 643/847/671 580/848/673
f 598/804/666 628/849/674 582/850/666
f 296/431/343 640/851/696 620/852/697
f 622/853/698 298/436/348 656/854/699
f 591/818/680 637/855/700 617/856/701
f 619/857/702 597/858/703 659/859/704
f 590/815/677 634/860/705 614/861/706
f 596/862/707 616/863/708 590/864/709
f 589/832/694 631/865/710 611/866/711
f 613/867/712 595/868/713 657/869/714
f 588/829/691 628/870/715 608/871/716
f 594/872/717 610/873/718 588/874/719
f 587/826/688 625/875/720 605/876/721
f 586/823/685 643/877/722 623/878/723
f 623/879/724 656/854/699 592/880/725
f 605/881/726 655/882/727 593/883/728
f 608/884/729 645/885/730 594/872/717
f 646/886/731 611/887/732 612/888/733
f 614/889/734 657/869/714 596/862/707
f 617/890/735 658/891/736 597/858/703
f 620/892/737 659/859/704 304/477/381
f 619/819/681 642/893/738 641/817/679
f 620/852/697 642/893/738 621/894/739
f 616/816/678 639/895/740 638/814/676
f 617/856/701 639/895/740 618/896/741
f 613/833/695 636/897/742 635/831/693
f 614/861/706 636/897/742 615/898/743
f 610/830/692 633/899/744 632/828/690
f 611/866/711 633/899/744 612/900/745
f 607/827/689 630/901/746 629/825/687
f 608/871/716 630/901/746 609/902/747
f 604/824/686 627/903/748 626/822/684
f 605/876/721 627/903/748 606/904/749
f 622/821/683 647/905/750 644/820/682
f 623/878/723 647/905/750 624/906/751
f 607/907/752 593/883/728 645/885/730
f 603/813/675 625/908/672 581/909/675
f 604/910/753 592/880/725 655/882/727
f 622/853/698 656/854/699 624/911/754
f 298/436/348 622/853/698 290/504/406
f 619/857/702 659/859/704 621/912/755
f 597/858/703 619/857/702 591/913/756
f 616/863/708 658/891/736 618/914/757
f 658/891/736 616/863/708 596/862/707
f 613/867/712 657/869/714 615/915/758
f 595/868/713 613/867/712 589/916/759
f 610/873/718 646/886/731 612/888/733
f 646/886/731 610/873/718 594/872/717
f 656/854/699 623/879/724 624/911/754
f 623/879/724 592/880/725 586/917/760
f 655/882/727 605/881/726 606/918/761
f 605/881/726 593/883/728 587/919/762
f 645/885/730 608/884/729 609/920/763
f 608/884/729 594/872/717 588/874/719
f 611/887/732 595/868/713 589/916/759
f 595/868/713 611/887/732 646/886/731
f 657/869/714 614/889/734 615/915/758
f 614/889/734 596/862/707 590/864/709
f 658/891/736 617/890/735 618/914/757
f 617/890/735 597/858/703 591/913/756
f 659/859/704 620/892/737 621/912/755
f 620/892/737 304/477/381 296/515/416
f 607/907/752 645/885/730 609/920/763
f 593/883/728 607/907/752 587/919/762
f 604/910/753 655/882/727 606/918/761
f 592/880/725 604/910/753 586/917/760
f 648/809/671 644/834/671 647/921/671
f 644/834/671 311/383/314 282/517/314
f 654/807/669 641/835/669 642/922/669
f 641/835/669 601/808/670 585/845/670
f 653/806/668 638/836/668 639/923/668
f 638/836/668 600/800/662 584/924/662
f 652/802/664 635/837/664 636/925/664
f 635/837/664 599/805/667 583/842/667
f 651/803/665 632/838/665 633/926/665
f 632/838/665 598/804/666 582/850/666
f 650/812/674 629/839/674 630/927/674
f 629/839/674 603/813/675 581/909/675
f 649/810/672 626/840/672 627/928/672
f 626/840/672 602/811/673 580/848/673
f 631/841/665 651/803/665 633/926/665
f 651/803/665 631/841/665 599/805/667
f 634/843/664 652/802/664 636/925/664
f 600/800/662 634/843/664 584/924/662
f 637/844/668 653/806/668 639/923/668
f 653/806/668 637/844/668 601/808/670
f 640/846/669 654/807/669 642/922/669
f 310/412/341 640/846/669 288/526/341
f 643/847/671 648/809/671 647/921/671
f 648/809/671 643/847/671 602/811/673
f 628/849/674 650/812/674 630/927/674
f 650/812/674 628/849/674 598/804/666
f 625/908/672 649/810/672 627/928/672
f 649/810/672 625/908/672 603/813/675
f 569/783/645 576/794/656 570/785/647
f 594/872/717 681/929/764 677/930/765
f 595/868/713 685/931/766 657/869/714
f 593/883/728 681/929/764 645/885/730
f 657/869/714 679/932/767 596/862/707
f 301/468/362 668/933/768 355/469/373
f 596/862/707 686/934/769 658/891/736
f 367/450/359 664/935/770 302/451/360
f 355/469/373 662/936/771 300/465/370
f 595/868/713 682/937/772 678/938/773
f 597/858/703 686/934/769 680/939/774
f 303/444/354 672/940/775 367/450/359
f 646/886/731 677/930/765 682/937/772
f 368/475/379 665/941/776 303/444/354
f 302/451/360 669/942/777 356/470/374
f 305/441/352 673/943/778 368/475/379
f 356/470/374 663/944/779 301/455/362
f 659/859/704 680/939/774 687/945/780
f 304/477/381 687/945/780 666/946/781
f 655/882/727 675/947/782 683/948/783
f 305/441/352 674/949/784 667/950/785
f 655/882/727 676/951/786 593/883/728
f 304/477/381 674/949/784 369/440/351
f 299/463/368 670/952/787 661/953/788
f 656/854/699 660/954/789 684/955/790
f 300/465/370 670/952/787 365/466/371
f 592/880/725 684/955/790 675/947/782
f 298/436/348 671/956/791 660/954/789
f 366/435/347 661/953/788 671/956/791
f 697/957/792 713/958/793 699/959/794
f 713/958/793 698/960/795 699/959/794
f 698/960/795 668/961/796 663/962/797
f 694/963/798 713/958/793 712/964/799
f 695/965/800 714/966/801 713/958/793
f 714/966/801 662/967/802 668/961/796
f 715/968/803 702/969/804 700/970/805
f 702/969/804 717/971/806 701/972/807
f 717/971/806 664/973/808 701/972/807
f 697/974/792 716/975/809 715/968/803
f 716/975/809 698/976/795 717/971/806
f 717/971/806 663/977/797 669/978/810
f 718/979/811 692/980/812 720/981/813
f 692/980/812 719/982/814 720/981/813
f 719/982/814 661/983/815 670/984/816
f 718/979/811 695/965/800 694/963/798
f 720/981/813 696/985/817 695/965/800
f 696/985/817 670/984/816 662/967/802
f 721/986/818 689/987/819 723/988/820
f 689/987/819 722/989/821 723/988/820
f 690/990/822 671/991/823 722/989/821
f 691/992/824 723/988/820 692/980/812
f 692/980/812 722/989/821 693/993/825
f 722/989/821 661/983/815 693/993/825
f 724/994/826 702/969/804 726/995/827
f 702/969/804 725/996/828 726/995/827
f 701/972/807 672/997/829 725/996/828
f 724/994/826 705/998/830 703/999/831
f 726/995/827 704/1000/832 705/998/830
f 704/1000/832 672/997/829 665/1001/833
f 727/1002/834 705/998/830 729/1003/835
f 729/1003/835 704/1000/832 728/1004/836
f 704/1000/832 673/1005/837 728/1004/836
f 709/1006/838 729/1003/835 711/1007/839
f 729/1003/835 710/1008/840 711/1007/839
f 710/1008/840 673/1005/837 667/1009/841
f 730/1010/842 711/1007/839 732/1011/843
f 711/1007/839 731/1012/844 732/1011/843
f 710/1008/840 674/1013/845 731/1012/844
f 706/1014/846 732/1011/843 708/1015/847
f 708/1015/847 731/1012/844 707/1016/848
f 707/1016/848 674/1013/845 666/1017/849
f 681/1018/850 741/1019/851 677/1020/852
f 741/1019/851 753/1021/853 740/1022/854
f 740/1022/854 751/1023/855 739/1024/856
f 681/1018/850 737/1025/857 752/1026/858
f 737/1025/857 753/1021/853 752/1026/858
f 738/1027/859 751/1023/855 753/1021/853
f 678/1028/860 755/1029/861 744/1030/862
f 755/1029/861 743/1031/863 744/1030/862
f 756/1032/864 742/1033/865 743/1031/863
f 682/1034/866 741/1019/851 755/1029/861
f 755/1029/861 740/1022/854 756/1032/864
f 740/1022/854 754/1035/867 756/1032/864
f 683/1036/868 734/1037/869 759/1038/870
f 734/1037/869 758/1039/871 759/1038/870
f 758/1039/871 733/1040/872 757/1041/873
f 676/1042/874 759/1038/870 737/1025/857
f 759/1038/870 738/1027/859 737/1025/857
f 738/1027/859 757/1041/873 736/1043/875
f 684/1044/876 690/990/822 762/1045/877
f 690/990/822 761/1046/878 762/1045/877
f 689/987/819 760/1047/879 761/1046/878
f 684/1044/876 734/1037/869 675/1048/880
f 762/1045/877 735/1049/881 734/1037/869
f 761/1046/878 733/1040/872 735/1049/881
f 678/1028/860 765/1050/882 685/1051/883
f 744/1030/862 764/1052/884 765/1050/882
f 764/1052/884 742/1033/865 763/1053/885
f 679/1054/886 765/1050/882 747/1055/887
f 747/1055/887 764/1052/884 746/1056/888
f 746/1056/888 763/1053/885 745/1057/889
f 686/1058/890 747/1055/887 768/1059/891
f 747/1055/887 767/1060/892 768/1059/891
f 767/1060/892 745/1057/889 766/1061/893
f 686/1058/890 750/1062/894 680/1063/895
f 750/1062/894 767/1060/892 749/1064/896
f 749/1064/896 766/1061/893 748/1065/897
f 680/1063/895 771/1066/898 687/1067/899
f 750/1062/894 770/1068/900 771/1066/898
f 770/1068/900 748/1065/897 769/1069/901
f 666/1017/849 771/1066/898 707/1016/848
f 771/1066/898 708/1015/847 707/1016/848
f 708/1015/847 769/1069/901 706/1014/846
f 733/1040/872 794/1070/902 792/1071/903
f 828/1072/904 803/1073/905 829/1074/906
f 709/1006/838 783/1075/907 727/1002/834
f 769/1069/901 786/1076/908 706/1014/846
f 745/1057/889 797/1077/909 766/1061/893
f 697/974/792 776/1078/910 772/1079/911
f 757/1041/873 792/1071/903 793/1080/912
f 721/986/818 780/1081/913 688/1082/914
f 712/964/799 774/1083/915 694/963/798
f 703/999/831 781/1084/916 724/994/826
f 763/1053/885 791/1085/917 795/1086/918
f 736/1043/875 793/1080/912 789/1087/919
f 730/1010/842 784/1088/920 709/1006/838
f 742/1033/865 790/1089/921 791/1085/917
f 691/992/824 777/1090/922 778/1091/923
f 766/1061/893 798/1092/924 748/1065/897
f 739/1024/856 787/1093/925 788/1094/926
f 691/992/824 779/1095/927 721/986/818
f 739/1024/856 790/1089/921 754/1035/867
f 703/999/831 783/1075/907 782/1096/928
f 700/970/805 776/1078/910 715/968/803
f 763/1053/885 796/1097/929 745/1057/889
f 760/1047/879 780/1081/913 794/1070/902
f 706/1014/846 785/1098/930 730/1010/842
f 712/964/799 772/1099/911 773/1100/931
f 748/1065/897 799/1101/932 769/1069/901
f 718/979/811 774/1083/915 777/1090/922
f 736/1043/875 787/1093/925 751/1023/855
f 700/970/805 781/1084/916 775/1102/933
f 808/1103/934 856/1104/345 822/1105/935
f 830/1106/936 823/1107/937 831/1108/938
f 832/1109/939 809/1110/940 828/1072/904
f 831/1108/938 824/1111/941 833/1112/942
f 834/1113/943 810/1114/944 832/1109/939
f 833/1112/942 825/1115/945 835/1116/946
f 836/1117/947 811/1118/948 834/1113/943
f 835/1116/946 826/1119/949 837/1120/950
f 838/1121/951 812/1122/952 836/1117/947
f 837/1120/950 827/1123/953 839/1124/954
f 840/1125/955 813/1126/956 838/1121/951
f 841/1127/957 801/1128/958 842/1129/959
f 839/1124/954 814/1130/960 840/1125/955
f 844/1131/961 815/1132/962 816/1133/963
f 842/1129/959 802/1134/964 845/1135/965
f 846/1136/966 815/1132/962 843/1137/967
f 847/1138/968 803/1073/905 804/1139/969
f 830/1106/936 818/1140/970 819/1141/971
f 841/1142/957 804/1139/969 800/1143/972
f 848/1144/973 816/1133/963 818/1140/970
f 850/1145/974 805/1146/975 806/1147/976
f 852/1148/977 820/1149/978 821/1150/979
f 849/1151/980 802/1134/964 805/1146/975
f 846/1136/966 821/1150/979 817/1152/981
f 854/1153/982 807/1154/983 808/1103/934
f 855/1155/984 808/1103/934 822/1105/935
f 853/1156/985 806/1147/976 807/1154/983
f 851/1157/986 822/1105/935 820/1149/978
f 794/1158/987 851/1159/986 792/1160/988
f 779/1161/989 850/1162/974 853/1163/985
f 780/1164/990 855/1165/984 794/1158/987
f 779/1161/989 854/1166/982 780/1164/990
f 793/1167/991 846/1168/966 789/1169/992
f 774/1170/993 849/1171/980 777/1172/994
f 792/1160/988 852/1173/977 793/1167/991
f 777/1172/994 850/1162/974 778/1174/995
f 788/1175/996 848/1176/973 790/1177/997
f 776/1178/998 841/1179/957 772/1180/999
f 790/1177/997 830/1181/936 791/1182/1000
f 776/1178/998 829/1183/906 847/1184/968
f 787/1185/1001 846/1168/966 843/1186/967
f 774/1170/993 842/1187/959 845/1188/965
f 787/1185/1001 844/1189/961 788/1175/996
f 786/1190/1002 839/1191/954 840/1192/955
f 773/1193/1003 841/1194/957 842/1187/959
f 785/1195/1004 840/1192/955 838/1196/951
f 799/1197/1005 837/1198/950 839/1191/954
f 784/1199/1006 838/1196/951 836/1200/947
f 798/1201/1007 835/1202/946 837/1198/950
f 784/1199/1006 834/1203/943 783/1204/1008
f 797/1205/1009 833/1206/942 835/1202/946
f 782/1207/1010 834/1203/943 832/1208/939
f 796/1209/1011 831/1210/938 833/1206/942
f 781/1211/1012 832/1208/939 828/1212/904
f 795/1213/1013 830/1181/936 831/1210/938
f 781/1211/1012 829/1183/906 775/1214/1014
f 808/1103/934 807/1154/983 856/1104/345
f 822/1105/935 856/1104/345 820/1149/978
f 807/1154/983 806/1147/976 856/1104/345
f 819/1141/971 856/1104/345 823/1107/937
f 810/1114/944 856/1104/345 809/1110/940
f 823/1107/937 856/1104/345 824/1111/941
f 811/1118/948 856/1104/345 810/1114/944
f 824/1111/941 856/1104/345 825/1115/945
f 812/1122/952 856/1104/345 811/1118/948
f 825/1115/945 856/1104/345 826/1119/949
f 813/1126/956 856/1104/345 812/1122/952
f 826/1119/949 856/1104/345 827/1123/953
f 814/1130/960 856/1104/345 813/1126/956
f 856/1104/345 814/1130/960 827/1123/953
f 815/1132/962 856/1104/345 816/1133/963
f 801/1128/958 856/1104/345 802/1134/964
f 817/1152/981 856/1104/345 815/1132/962
f 856/1104/345 804/1139/969 803/1073/905
f 818/1140/970 856/1104/345 819/1141/971
f 804/1139/969 856/1104/345 800/1143/972
f 856/1104/345 818/1140/970 816/1133/963
f 809/1110/940 856/1104/345 803/1073/905
f 820/1149/978 856/1104/345 821/1150/979
f 806/1147/976 805/1146/975 856/1104/345
f 821/1150/979 856/1104/345 817/1152/981
f 805/1146/975 802/1134/964 856/1104/345
f 800/1215/972 856/1104/345 801/1128/958
f 21/1/1 41/48/5 39/2/2
f 22/4/4 43/8/7 41/5/5
f 24/7/6 45/13/12 43/8/7
f 35/9/8 34/26/24 9/10/9
f 26/12/11 47/49/44 45/13/12
f 20/3/3 39/2/2 37/14/13
f 19/15/14 37/14/13 33/16/15
f 19/15/14 17/17/16 1/18/17
f 20/3/3 19/15/14 3/19/18
f 21/1/1 20/3/3 4/20/19
f 22/4/4 21/6/1 5/22/20
f 24/7/6 22/4/4 6/23/21
f 24/7/6 7/24/22 8/25/23
f 34/26/24 38/38/35 11/27/25
f 42/28/26 13/1216/30 12/29/27
f 42/31/26 44/34/31 14/32/29
f 44/34/31 46/36/33 15/35/32
f 46/36/33 48/555/445 16/37/34
f 40/30/28 12/29/27 11/27/25
f 2/39/36 31/1217/1015 32/40/37
f 8/25/23 7/24/22 25/41/38
f 7/24/22 6/23/21 27/43/40
f 6/23/21 5/22/20 28/44/41
f 5/21/20 4/20/19 29/45/42
f 3/19/18 30/47/43 29/45/42
f 1/18/17 32/40/37 30/47/43
f 35/9/8 36/50/45 33/16/15
f 34/26/24 33/16/15 37/14/13
f 38/38/35 37/14/13 39/2/2
f 40/30/28 39/2/2 41/48/5
f 44/34/31 42/31/26 41/5/5
f 44/34/31 43/8/7 45/13/12
f 47/49/44 48/555/445 46/36/33
f 17/17/16 33/16/15 36/50/45
f 62/52/47 77/56/51 75/53/48
f 64/55/50 79/594/478 77/56/51
f 56/57/52 71/63/58 69/58/53
f 54/59/54 69/58/53 65/60/55
f 58/62/57 73/88/59 71/63/58
f 60/54/49 75/53/48 73/64/59
f 15/66/32 61/70/61 59/67/60
f 16/69/34 63/578/466 61/70/61
f 9/71/9 49/75/63 52/72/62
f 11/74/25 53/77/65 49/75/63
f 11/74/25 12/79/27 55/76/64
f 13/78/30 57/83/66 55/76/64
f 14/68/29 59/67/60 57/80/66
f 51/82/67 52/72/62 49/75/63
f 50/61/56 49/75/63 53/77/65
f 54/59/54 53/77/65 55/76/64
f 58/62/57 56/57/52 55/76/64
f 58/65/57 57/80/66 59/67/60
f 60/54/49 59/67/60 61/70/61
f 61/70/61 63/578/466 64/55/50
f 66/84/68 67/588/77 68/85/69
f 70/86/70 66/84/68 65/60/55
f 72/87/71 70/86/70 69/58/53
f 72/87/71 71/63/58 73/88/59
f 76/90/73 74/1218/72 73/64/59
f 78/91/74 76/90/73 75/53/48
f 77/56/51 79/594/478 80/92/75
f 50/61/56 65/60/55 68/85/69
f 17/17/16 18/51/46 2/39/36
f 28/102/78 85/119/88 84/103/79
f 30/105/81 32/115/90 89/106/82
f 25/108/84 83/114/89 82/109/85
f 29/111/87 86/117/92 85/112/88
f 27/104/80 84/103/79 83/114/89
f 32/115/90 31/611/489 88/116/91
f 29/111/87 30/105/81 87/107/83
f 86/117/92 101/136/110 102/118/93
f 85/119/88 102/1219/93 103/120/94
f 84/103/79 103/120/94 104/121/95
f 101/122/96 115/125/99 114/123/97
f 115/125/99 121/129/103 95/126/100
f 120/128/102 97/131/105 95/126/100
f 118/130/104 96/623/501 97/131/105
f 83/114/89 104/121/95 105/132/106
f 89/106/82 88/116/91 99/133/107
f 87/107/83 89/106/82 98/134/108
f 87/107/83 100/135/109 101/136/110
f 119/137/111 117/140/114 91/138/112
f 117/140/114 116/143/116 92/141/115
f 114/142/97 93/144/117 92/141/115
f 93/144/117 109/165/120 108/145/118
f 93/146/117 94/127/101 110/147/119
f 95/126/100 111/149/121 110/147/119
f 97/131/105 113/153/125 111/149/121
f 90/139/113 91/138/112 107/150/122
f 97/131/105 96/623/501 112/152/124
f 92/141/115 108/145/118 107/150/122
f 100/154/126 121/129/103 115/125/99
f 98/155/127 120/128/102 121/129/103
f 99/156/128 118/130/104 120/128/102
f 104/157/129 117/140/114 119/137/111
f 103/159/131 116/143/116 117/140/114
f 102/160/98 114/142/97 116/143/116
f 114/123/97 115/125/99 94/127/101
f 111/149/121 113/153/125 129/161/132
f 112/152/124 128/310/253 129/161/132
f 107/150/122 123/164/135 122/163/134
f 108/145/118 124/166/136 123/164/135
f 109/165/120 125/311/137 124/166/136
f 110/147/119 126/168/138 125/167/137
f 110/147/119 111/149/121 127/162/133
f 234/169/139 235/173/143 131/170/140
f 236/172/142 132/175/145 131/170/140
f 236/172/142 237/1220/147 133/174/144
f 238/176/146 134/180/149 133/177/144
f 239/179/148 135/182/151 134/180/149
f 240/181/150 137/184/153 135/182/151
f 240/181/150 241/659/537 136/183/152
f 162/185/154 185/189/158 182/186/155
f 168/188/157 191/194/163 185/189/158
f 170/190/159 174/219/186 139/191/160
f 165/193/162 188/254/211 191/194/163
f 131/195/164 149/213/181 147/196/165
f 156/198/167 179/244/170 176/199/168
f 159/187/156 182/186/155 179/201/170
f 135/203/171 161/207/175 158/204/172
f 137/206/174 167/209/177 161/207/175
f 136/208/176 164/678/556 167/209/177
f 153/200/169 176/199/168 173/210/178
f 131/195/164 132/214/182 152/212/180
f 132/214/182 133/1221/184 155/215/183
f 134/205/173 158/204/172 155/216/183
f 177/218/185 140/221/188 139/191/160
f 180/220/187 141/1222/190 140/221/188
f 180/222/187 183/225/191 142/223/189
f 183/225/191 186/228/194 143/226/192
f 192/227/193 145/230/196 143/226/192
f 192/227/193 189/695/573 144/229/195
f 150/211/179 146/258/215 148/231/197
f 151/232/198 148/231/197 147/196/165
f 152/212/180 154/233/199 151/232/198
f 151/232/198 154/233/199 153/200/169
f 155/215/183 157/1223/200 154/233/199
f 154/233/199 157/1223/200 156/198/167
f 158/204/172 160/235/201 157/234/200
f 160/235/201 159/187/156 156/202/167
f 161/207/175 163/236/202 160/235/201
f 163/236/202 162/185/154 159/187/156
f 167/209/177 169/237/203 163/236/202
f 169/237/203 168/188/157 162/185/154
f 167/209/177 164/678/556 166/238/204
f 169/237/203 166/238/204 165/193/162
f 170/239/159 172/242/206 175/240/205
f 172/242/206 171/257/214 173/210/178
f 176/199/168 178/243/207 175/240/205
f 178/243/207 177/246/185 174/241/186
f 179/244/170 181/1224/209 178/243/207
f 178/243/207 181/1224/209 180/245/187
f 179/201/170 182/186/155 184/247/208
f 184/247/208 183/252/191 180/249/187
f 182/186/155 185/189/158 187/250/210
f 184/247/208 187/250/210 186/251/194
f 191/194/163 193/255/212 187/250/210
f 187/250/210 193/255/212 192/253/193
f 188/254/211 190/256/213 193/255/212
f 190/256/213 189/713/573 192/253/193
f 150/211/179 173/210/178 171/257/214
f 196/259/216 212/263/220 210/260/217
f 195/262/219 216/265/222 212/263/220
f 194/264/221 214/308/252 216/265/222
f 200/266/223 204/270/227 203/267/224
f 199/269/226 206/272/229 204/270/227
f 198/271/228 208/309/230 206/272/229
f 197/261/218 210/260/217 208/273/230
f 207/275/231 205/307/251 226/276/232
f 209/278/234 207/275/231 228/277/233
f 211/280/236 209/1225/234 229/281/235
f 231/283/238 213/285/240 211/280/236
f 232/284/239 217/1226/1016 213/285/240
f 215/286/241 217/1226/1016 232/284/239
f 223/288/242 197/261/218 198/274/228
f 222/290/244 220/304/243 198/271/228
f 221/291/245 222/290/244 199/269/226
f 221/291/245 200/266/223 201/268/225
f 218/293/247 194/264/221 195/262/219
f 219/295/249 225/294/248 195/262/219
f 219/295/249 196/259/216 197/261/218
f 203/267/224 204/270/227 226/276/232
f 143/297/192 219/295/249 223/288/242
f 145/299/196 225/294/248 219/295/249
f 144/300/195 218/293/247 225/294/248
f 138/301/161 139/302/160 221/291/245
f 139/302/160 140/303/188 222/290/244
f 140/303/188 141/1227/190 220/304/243
f 142/298/189 223/288/242 220/289/243
f 202/306/250 227/296/23 226/276/232
f 233/287/36 232/284/239 216/265/222
f 216/265/222 232/284/239 231/283/238
f 231/283/238 230/282/237 210/260/217
f 230/282/237 229/281/235 208/273/230
f 208/309/230 229/279/235 228/277/233
f 206/272/229 228/277/233 226/276/232
f 128/310/253 241/659/537 240/181/150
f 129/161/132 240/181/150 239/179/148
f 127/162/133 239/179/148 238/176/146
f 126/168/138 238/176/146 237/178/147
f 125/311/137 237/1220/147 236/172/142
f 124/166/136 236/172/142 235/173/143
f 123/164/135 235/173/143 234/169/139
f 209/312/254 245/1228/254 244/313/255
f 217/315/256 249/324/256 247/316/257
f 211/318/258 246/327/258 245/319/254
f 207/314/255 244/313/255 243/321/259
f 215/323/260 248/1229/260 249/324/256
f 205/322/259 243/321/259 242/325/261
f 213/317/257 247/316/257 246/327/258
f 244/328/262 250/332/266 257/329/263
f 245/331/265 251/1230/268 250/332/266
f 246/333/267 252/337/270 251/334/268
f 247/336/269 253/339/272 252/337/270
f 247/336/269 249/340/273 254/338/271
f 249/340/273 248/774/636 255/341/274
f 243/330/264 257/329/263 256/342/275
f 253/339/272 263/345/278 262/344/277
f 254/338/271 265/346/279 263/345/278
f 255/341/274 264/1231/1017 265/346/279
f 256/342/275 257/329/263 259/347/280
f 257/329/263 250/332/266 260/349/282
f 250/332/266 251/1230/268 261/350/283
f 251/334/268 252/337/270 262/344/277
f 258/352/284 259/355/287 267/353/285
f 259/355/287 260/357/289 268/356/288
f 260/357/289 261/1232/292 269/358/290
f 262/359/291 270/363/294 269/360/290
f 263/362/293 271/365/296 270/363/294
f 265/364/295 273/367/298 271/365/296
f 265/364/295 264/793/655 272/366/297
f 270/363/294 278/369/300 277/368/299
f 271/365/296 279/370/301 278/369/300
f 273/367/298 281/371/302 279/370/301
f 272/366/297 280/413/342 281/371/302
f 266/354/286 267/353/285 275/372/303
f 268/356/288 276/388/319 275/372/303
f 295/389/320 287/443/345 348/390/321
f 297/392/323 289/438/345 351/393/324
f 290/395/326 282/1233/345 354/396/327
f 291/398/329 283/461/345 336/399/330
f 292/401/332 284/459/345 339/402/333
f 293/404/335 285/1234/345 342/405/336
f 294/407/338 286/448/345 345/408/339
f 296/431/343 330/480/384 350/432/344
f 297/392/323 327/483/387 347/437/349
f 295/389/320 324/486/390 344/442/353
f 294/407/338 321/489/393 341/447/357
f 293/452/335 318/492/396 338/453/361
f 292/401/332 315/495/399 335/458/365
f 291/398/329 333/498/402 353/460/366
f 329/394/325 351/393/324 352/478/382
f 352/478/382 350/432/344 330/480/384
f 326/391/322 348/390/321 349/481/385
f 349/481/385 347/437/349 327/483/387
f 323/409/340 345/408/339 346/484/388
f 346/484/388 344/442/353 324/486/390
f 320/406/337 342/405/336 343/487/391
f 343/487/391 341/447/357 321/489/393
f 317/403/334 339/402/333 340/490/394
f 340/490/394 338/453/361 318/492/396
f 314/400/331 336/399/330 337/493/397
f 337/493/397 335/458/365 315/495/399
f 332/397/328 354/396/327 357/496/400
f 357/496/400 353/460/366 333/498/402
f 268/356/288 269/358/290 277/411/299
f 398/527/417 400/530/420 385/528/418
f 400/530/420 402/532/422 386/531/421
f 402/532/422 404/535/425 387/533/423
f 10/11/10 376/546/436 395/534/424
f 404/535/425 47/49/44 26/12/11
f 396/536/426 398/527/417 384/529/419
f 394/538/428 396/536/426 383/537/427
f 383/537/427 371/541/431 370/540/430
f 384/529/419 372/542/432 371/541/431
f 385/528/418 373/543/433 372/542/432
f 386/531/421 374/544/434 373/543/433
f 387/533/423 375/545/435 374/544/434
f 26/12/11 8/25/23 375/545/435
f 376/546/436 377/556/446 397/547/437
f 378/548/438 379/1235/470 401/549/439
f 401/549/439 379/1235/470 380/551/441
f 403/552/442 380/551/441 381/553/443
f 381/553/443 16/37/34 48/555/445
f 377/556/446 378/548/438 399/550/440
f 393/557/447 31/1217/1015 2/39/36
f 8/25/23 23/42/39 388/558/448
f 375/545/435 388/558/448 389/559/449
f 374/544/434 389/559/449 390/560/450
f 373/543/433 390/560/450 391/561/451
f 391/561/451 392/562/452 371/541/431
f 392/562/452 393/557/447 370/540/430
f 395/534/424 394/538/428 36/50/45
f 397/547/437 396/536/426 394/538/428
f 398/527/417 396/536/426 397/547/437
f 400/530/420 398/527/417 399/550/440
f 402/532/422 400/530/420 401/549/439
f 404/535/425 402/532/422 403/552/442
f 405/554/444 48/555/445 47/49/44
f 36/50/45 394/538/428 382/539/429
f 426/563/453 428/566/456 417/564/454
f 428/566/456 79/594/478 64/55/50
f 420/567/457 422/572/462 411/568/458
f 418/570/460 420/567/457 409/569/459
f 422/572/462 424/574/464 413/573/463
f 424/574/464 426/563/453 415/565/455
f 380/575/441 414/1236/1018 416/576/465
f 381/577/443 416/576/465 63/578/466
f 10/73/10 52/72/62 406/579/467
f 376/580/436 406/579/467 408/581/468
f 408/581/468 410/584/469 378/583/438
f 410/584/469 412/586/471 379/585/470
f 412/586/471 414/1236/1018 380/575/441
f 406/579/467 52/72/62 51/82/67
f 408/581/468 406/579/467 407/571/461
f 410/584/469 408/581/468 409/569/459
f 413/573/463 412/586/471 410/584/469
f 415/565/455 414/1236/1018 412/586/471
f 416/576/465 414/1236/1018 415/565/455
f 417/564/454 64/55/50 63/578/466
f 419/587/472 418/570/460 68/85/69
f 421/589/473 420/567/457 418/570/460
f 423/590/474 422/572/462 420/567/457
f 424/574/464 422/572/462 423/590/474
f 426/563/453 424/574/464 425/591/475
f 428/566/456 426/563/453 427/592/476
f 429/593/477 80/92/75 79/594/478
f 68/85/69 418/570/460 407/571/461
f 370/540/430 2/39/36 18/51/46
f 431/601/479 432/614/492 390/602/480
f 392/604/482 434/612/490 435/605/483
f 82/109/85 430/610/488 388/607/485
f 390/602/480 432/614/492 433/608/486
f 430/610/488 431/601/479 389/603/481
f 393/606/484 435/605/483 88/116/91
f 391/609/487 433/608/486 434/612/490
f 445/613/491 444/1237/1019 433/608/486
f 446/615/493 445/613/491 432/614/492
f 430/610/488 447/624/502 446/615/493
f 445/616/494 454/631/509 455/617/495
f 439/619/497 440/621/499 459/620/498
f 440/621/499 441/637/515 458/622/500
f 458/622/500 441/637/515 96/623/501
f 82/109/85 105/132/106 447/624/502
f 442/625/503 99/133/107 88/116/91
f 443/626/504 442/625/503 435/605/483
f 433/608/486 444/1237/1019 443/626/504
f 90/139/113 436/628/506 457/627/505
f 436/628/506 437/630/508 456/629/507
f 437/630/508 438/633/511 454/631/509
f 449/632/510 450/634/512 438/633/511
f 450/634/512 451/635/513 439/619/497
f 451/635/513 452/636/514 440/621/499
f 452/636/514 453/638/516 441/637/515
f 106/151/123 448/639/517 436/628/506
f 453/638/516 112/152/124 96/623/501
f 448/639/517 449/632/510 437/630/508
f 444/618/496 455/617/495 459/620/498
f 443/640/518 459/620/498 458/622/500
f 458/622/500 118/130/104 99/156/128
f 119/137/111 457/627/505 447/642/520
f 447/642/520 457/627/505 456/629/507
f 456/629/507 454/631/509 445/616/494
f 438/633/511 439/619/497 455/617/495
f 452/636/514 464/750/618 465/644/522
f 453/638/516 465/644/522 128/310/253
f 106/151/123 122/163/134 460/645/523
f 460/645/523 461/646/524 449/632/510
f 461/646/524 462/647/525 450/634/512
f 462/647/525 463/648/526 451/635/513
f 463/648/526 464/750/618 452/636/514
f 130/171/141 466/1238/1020 544/649/527
f 544/649/527 466/1238/1020 467/650/528
f 467/650/528 468/653/531 546/652/530
f 468/653/531 469/1239/1021 547/654/532
f 547/654/532 469/1239/1021 470/655/533
f 548/656/534 470/655/533 471/657/535
f 471/657/535 136/183/152 241/659/537
f 505/660/538 508/663/541 491/661/539
f 508/663/541 511/666/544 494/664/542
f 138/192/161 472/685/563 497/665/543
f 511/666/544 188/254/211 165/193/162
f 130/197/166 147/196/165 478/667/545
f 499/669/547 502/672/550 485/670/548
f 502/672/550 505/660/538 488/662/540
f 487/673/551 490/676/554 470/674/552
f 490/676/554 493/702/580 471/677/555
f 471/677/555 493/702/580 164/678/556
f 496/679/557 499/669/547 482/671/549
f 466/668/546 478/667/545 481/681/559
f 467/682/560 481/681/559 484/683/561
f 468/684/562 484/683/561 487/673/551
f 472/685/563 473/687/565 500/686/564
f 473/687/565 474/689/567 503/688/566
f 474/689/567 475/691/569 506/690/568
f 475/691/569 476/1240/616 509/692/570
f 509/692/570 476/1240/616 477/693/571
f 477/693/571 144/229/195 189/695/573
f 480/696/574 148/231/197 146/258/215
f 478/667/545 147/196/165 148/231/197
f 478/667/545 480/696/574 483/697/575
f 479/680/558 482/671/549 483/697/575
f 481/681/559 483/697/575 486/698/576
f 482/671/549 485/670/548 486/698/576
f 486/698/576 489/699/577 487/673/551
f 485/670/548 488/662/540 489/699/577
f 487/673/551 489/699/577 492/700/578
f 488/662/540 491/661/539 492/700/578
f 490/676/554 492/700/578 495/701/579
f 492/700/578 491/661/539 494/664/542
f 495/701/579 166/238/204 164/678/556
f 495/701/579 494/664/542 165/193/162
f 497/703/543 498/704/581 172/242/206
f 498/704/581 496/679/557 171/257/214
f 496/679/557 498/704/581 501/705/582
f 497/703/543 500/707/564 501/705/582
f 499/669/547 501/705/582 504/706/583
f 500/707/564 503/1241/566 504/706/583
f 504/706/583 507/709/584 505/660/538
f 504/706/583 503/1241/566 506/708/568
f 505/660/538 507/709/584 510/710/585
f 506/708/568 509/711/570 510/710/585
f 510/710/585 513/712/586 511/666/544
f 509/711/570 512/1242/572 513/712/586
f 513/712/586 190/256/213 188/254/211
f 513/712/586 512/1242/572 189/713/573
f 171/257/214 496/679/557 479/680/558
f 526/714/587 528/717/590 515/715/588
f 528/717/590 530/719/592 514/718/591
f 530/719/592 214/308/252 194/264/221
f 203/267/224 520/721/594 519/720/593
f 520/721/594 522/723/596 518/722/595
f 522/723/596 524/725/598 517/724/597
f 524/725/598 526/714/587 516/716/589
f 539/726/599 538/749/617 521/727/600
f 539/726/599 523/728/601 525/729/602
f 541/731/604 540/730/603 525/729/602
f 542/733/606 541/731/604 527/732/605
f 542/733/606 529/734/607 531/735/608
f 543/736/609 531/735/608 215/286/241
f 533/737/610 517/724/597 516/716/589
f 518/722/595 517/724/597 533/737/610
f 519/720/593 518/722/595 535/739/612
f 224/292/246 201/268/225 519/720/593
f 537/741/614 514/718/591 194/264/221
f 532/742/615 515/715/588 514/718/591
f 536/738/611 516/716/589 515/715/588
f 227/296/23 538/749/617 520/721/594
f 475/743/569 536/738/611 532/742/615
f 532/742/615 537/741/614 477/745/571
f 537/741/614 218/293/247 144/300/195
f 138/301/161 224/292/246 534/740/613
f 472/746/563 534/740/613 535/739/612
f 473/747/565 535/739/612 533/737/610
f 474/748/567 533/737/610 536/738/611
f 202/306/250 521/727/600 538/749/617
f 214/308/252 530/719/592 543/736/609
f 530/719/592 528/717/590 542/733/606
f 528/717/590 526/714/587 541/731/604
f 526/714/587 524/725/598 540/730/603
f 522/723/596 539/726/599 540/730/603
f 520/721/594 538/749/617 539/726/599
f 465/644/522 549/658/536 241/659/537
f 548/656/534 549/658/536 465/644/522
f 547/654/532 548/656/534 464/750/618
f 546/652/530 547/654/532 463/648/526
f 545/651/529 546/652/530 462/647/525
f 544/649/527 545/651/529 461/646/524
f 234/169/139 544/649/527 460/645/523
f 551/751/619 552/757/620 525/752/620
f 554/754/621 555/761/622 531/755/622
f 552/757/620 553/762/623 527/758/623
f 550/759/624 551/751/619 523/753/619
f 555/761/622 248/1229/260 215/323/260
f 242/325/261 550/759/624 521/760/624
f 553/762/623 554/754/621 529/756/621
f 561/763/625 556/780/642 551/764/626
f 551/764/626 556/780/642 557/766/628
f 552/767/629 557/766/628 558/768/630
f 553/769/631 558/768/630 559/770/632
f 554/771/633 559/770/632 560/772/634
f 555/773/635 560/772/634 255/341/274
f 256/342/275 561/763/625 550/765/627
f 565/775/637 566/776/638 559/770/632
f 566/776/638 567/777/639 560/772/634
f 567/777/639 264/1231/1017 255/341/274
f 256/342/275 258/348/281 562/778/640
f 561/763/625 562/778/640 563/779/641
f 556/780/642 563/779/641 564/781/643
f 564/781/643 565/775/637 558/768/630
f 266/354/286 568/798/660 562/782/644
f 562/782/644 568/798/660 569/783/645
f 563/784/646 569/783/645 570/785/647
f 564/786/648 570/785/647 571/787/649
f 571/787/649 572/790/652 566/789/651
f 572/790/652 573/792/654 567/791/653
f 573/792/654 272/366/297 264/793/655
f 576/794/656 577/795/657 571/787/649
f 577/795/657 578/801/663 572/790/652
f 572/790/652 578/801/663 579/796/658
f 573/792/654 579/796/658 280/413/342
f 266/354/286 274/373/304 574/797/659
f 568/798/660 574/797/659 575/799/661
f 638/814/676 584/1243/345 590/815/677
f 641/817/679 585/1244/345 591/818/680
f 644/820/682 282/1233/345 290/395/326
f 626/822/684 580/1245/345 586/823/685
f 629/825/687 581/1246/345 587/826/688
f 632/828/690 582/1247/345 588/829/691
f 635/831/693 583/1248/345 589/832/694
f 296/431/343 288/433/345 640/851/696
f 591/818/680 585/1244/345 637/855/700
f 590/815/677 584/1243/345 634/860/705
f 589/832/694 583/1248/345 631/865/710
f 588/829/691 582/1247/345 628/870/715
f 587/826/688 581/1246/345 625/875/720
f 586/823/685 580/1245/345 643/877/722
f 619/819/681 621/894/739 642/893/738
f 620/852/697 640/851/696 642/893/738
f 616/816/678 618/896/741 639/895/740
f 617/856/701 637/855/700 639/895/740
f 613/833/695 615/898/743 636/897/742
f 614/861/706 634/860/705 636/897/742
f 610/830/692 612/900/745 633/899/744
f 611/866/711 631/865/710 633/899/744
f 607/827/689 609/902/747 630/901/746
f 608/871/716 628/870/715 630/901/746
f 604/824/686 606/904/749 627/903/748
f 605/876/721 625/875/720 627/903/748
f 622/821/683 624/906/751 647/905/750
f 623/878/723 643/877/722 647/905/750
f 569/783/645 575/799/661 576/794/656
f 594/872/717 645/885/730 681/929/764
f 595/868/713 678/938/773 685/931/766
f 593/883/728 676/951/786 681/929/764
f 657/869/714 685/931/766 679/932/767
f 301/468/362 663/1249/779 668/933/768
f 596/862/707 679/932/767 686/934/769
f 367/450/359 672/940/775 664/935/770
f 355/469/373 668/933/768 662/936/771
f 595/868/713 646/886/731 682/937/772
f 597/858/703 658/891/736 686/934/769
f 303/444/354 665/941/776 672/940/775
f 646/886/731 594/872/717 677/930/765
f 368/475/379 673/943/778 665/941/776
f 302/451/360 664/935/770 669/942/777
f 305/441/352 667/950/785 673/943/778
f 356/470/374 669/942/777 663/944/779
f 659/859/704 597/858/703 680/939/774
f 304/477/381 659/859/704 687/945/780
f 655/882/727 592/880/725 675/947/782
f 305/441/352 369/440/351 674/949/784
f 655/882/727 683/948/783 676/951/786
f 304/477/381 666/946/781 674/949/784
f 299/463/368 365/466/371 670/952/787
f 656/854/699 298/436/348 660/954/789
f 300/465/370 662/936/771 670/952/787
f 592/880/725 656/854/699 684/955/790
f 298/436/348 366/435/347 671/956/791
f 366/435/347 299/463/368 661/953/788
f 697/957/792 712/964/799 713/958/793
f 713/958/793 714/966/801 698/960/795
f 698/960/795 714/966/801 668/961/796
f 694/963/798 695/965/800 713/958/793
f 695/965/800 696/985/817 714/966/801
f 714/966/801 696/985/817 662/967/802
f 715/968/803 716/975/809 702/969/804
f 702/969/804 716/975/809 717/971/806
f 717/971/806 669/978/810 664/973/808
f 697/974/792 699/1250/794 716/975/809
f 716/975/809 699/1250/794 698/976/795
f 717/971/806 698/976/795 663/977/797
f 718/979/811 691/992/824 692/980/812
f 692/980/812 693/993/825 719/982/814
f 719/982/814 693/993/825 661/983/815
f 718/979/811 720/981/813 695/965/800
f 720/981/813 719/982/814 696/985/817
f 696/985/817 719/982/814 670/984/816
f 721/986/818 688/1082/914 689/987/819
f 689/987/819 690/990/822 722/989/821
f 690/990/822 660/1251/1022 671/991/823
f 691/992/824 721/986/818 723/988/820
f 692/980/812 723/988/820 722/989/821
f 722/989/821 671/991/823 661/983/815
f 724/994/826 700/970/805 702/969/804
f 702/969/804 701/972/807 725/996/828
f 701/972/807 664/973/808 672/997/829
f 724/994/826 726/995/827 705/998/830
f 726/995/827 725/996/828 704/1000/832
f 704/1000/832 725/996/828 672/997/829
f 727/1002/834 703/999/831 705/998/830
f 729/1003/835 705/998/830 704/1000/832
f 704/1000/832 665/1001/833 673/1005/837
f 709/1006/838 727/1002/834 729/1003/835
f 729/1003/835 728/1004/836 710/1008/840
f 710/1008/840 728/1004/836 673/1005/837
f 730/1010/842 709/1006/838 711/1007/839
f 711/1007/839 710/1008/840 731/1012/844
f 710/1008/840 667/1009/841 674/1013/845
f 706/1014/846 730/1010/842 732/1011/843
f 708/1015/847 732/1011/843 731/1012/844
f 707/1016/848 731/1012/844 674/1013/845
f 681/1018/850 752/1026/858 741/1019/851
f 741/1019/851 752/1026/858 753/1021/853
f 740/1022/854 753/1021/853 751/1023/855
f 681/1018/850 676/1042/874 737/1025/857
f 737/1025/857 738/1027/859 753/1021/853
f 738/1027/859 736/1043/875 751/1023/855
f 678/1028/860 682/1034/866 755/1029/861
f 755/1029/861 756/1032/864 743/1031/863
f 756/1032/864 754/1035/867 742/1033/865
f 682/1034/866 677/1020/852 741/1019/851
f 755/1029/861 741/1019/851 740/1022/854
f 740/1022/854 739/1024/856 754/1035/867
f 683/1036/868 675/1048/880 734/1037/869
f 734/1037/869 735/1049/881 758/1039/871
f 758/1039/871 735/1049/881 733/1040/872
f 676/1042/874 683/1036/868 759/1038/870
f 759/1038/870 758/1039/871 738/1027/859
f 738/1027/859 758/1039/871 757/1041/873
f 684/1044/876 660/1251/1022 690/990/822
f 690/990/822 689/987/819 761/1046/878
f 689/987/819 688/1082/914 760/1047/879
f 684/1044/876 762/1045/877 734/1037/869
f 762/1045/877 761/1046/878 735/1049/881
f 761/1046/878 760/1047/879 733/1040/872
f 678/1028/860 744/1030/862 765/1050/882
f 744/1030/862 743/1031/863 764/1052/884
f 764/1052/884 743/1031/863 742/1033/865
f 679/1054/886 685/1051/883 765/1050/882
f 747/1055/887 765/1050/882 764/1052/884
f 746/1056/888 764/1052/884 763/1053/885
f 686/1058/890 679/1054/886 747/1055/887
f 747/1055/887 746/1056/888 767/1060/892
f 767/1060/892 746/1056/888 745/1057/889
f 686/1058/890 768/1059/891 750/1062/894
f 750/1062/894 768/1059/891 767/1060/892
f 749/1064/896 767/1060/892 766/1061/893
f 680/1063/895 750/1062/894 771/1066/898
f 750/1062/894 749/1064/896 770/1068/900
f 770/1068/900 749/1064/896 748/1065/897
f 666/1017/849 687/1067/899 771/1066/898
f 771/1066/898 770/1068/900 708/1015/847
f 708/1015/847 770/1068/900 769/1069/901
f 733/1040/872 760/1047/879 794/1070/902
f 828/1072/904 809/1110/940 803/1073/905
f 709/1006/838 784/1088/920 783/1075/907
f 769/1069/901 799/1101/932 786/1076/908
f 745/1057/889 796/1097/929 797/1077/909
f 697/974/792 715/968/803 776/1078/910
f 757/1041/873 733/1040/872 792/1071/903
f 721/986/818 779/1095/927 780/1081/913
f 712/964/799 773/1100/931 774/1083/915
f 703/999/831 782/1096/928 781/1084/916
f 763/1053/885 742/1033/865 791/1085/917
f 736/1043/875 757/1041/873 793/1080/912
f 730/1010/842 785/1098/930 784/1088/920
f 742/1033/865 754/1035/867 790/1089/921
f 691/992/824 718/979/811 777/1090/922
f 766/1061/893 797/1077/909 798/1092/924
f 739/1024/856 751/1023/855 787/1093/925
f 691/992/824 778/1091/923 779/1095/927
f 739/1024/856 788/1094/926 790/1089/921
f 703/999/831 727/1002/834 783/1075/907
f 700/970/805 775/1102/933 776/1078/910
f 763/1053/885 795/1086/918 796/1097/929
f 760/1047/879 688/1082/914 780/1081/913
f 706/1014/846 786/1076/908 785/1098/930
f 712/964/799 697/957/792 772/1099/911
f 748/1065/897 798/1092/924 799/1101/932
f 718/979/811 694/963/798 774/1083/915
f 736/1043/875 789/1087/919 787/1093/925
f 700/970/805 724/994/826 781/1084/916
f 830/1106/936 819/1141/971 823/1107/937
f 832/1109/939 810/1114/944 809/1110/940
f 831/1108/938 823/1107/937 824/1111/941
f 834/1113/943 811/1118/948 810/1114/944
f 833/1112/942 824/1111/941 825/1115/945
f 836/1117/947 812/1122/952 811/1118/948
f 835/1116/946 825/1115/945 826/1119/949
f 838/1121/951 813/1126/956 812/1122/952
f 837/1120/950 826/1119/949 827/1123/953
f 840/1125/955 814/1130/960 813/1126/956
f 841/1127/957 800/1215/972 801/1128/958
f 839/1124/954 827/1123/953 814/1130/960
f 844/1131/961 843/1137/967 815/1132/962
f 842/1129/959 801/1128/958 802/1134/964
f 846/1136/966 817/1152/981 815/1132/962
f 847/1138/968 829/1074/906 803/1073/905
f 830/1106/936 848/1144/973 818/1140/970
f 841/1142/957 847/1138/968 804/1139/969
f 848/1144/973 844/1131/961 816/1133/963
f 850/1145/974 849/1151/980 805/1146/975
f 852/1148/977 851/1157/986 820/1149/978
f 849/1151/980 845/1135/965 802/1134/964
f 846/1136/966 852/1148/977 821/1150/979
f 854/1153/982 853/1156/985 807/1154/983
f 855/1155/984 854/1153/982 808/1103/934
f 853/1156/985 850/1145/974 806/1147/976
f 851/1157/986 855/1155/984 822/1105/935
f 794/1158/987 855/1165/984 851/1159/986
f 779/1161/989 778/1174/995 850/1162/974
f 780/1164/990 854/1166/982 855/1165/984
f 779/1161/989 853/1163/985 854/1166/982
f 793/1167/991 852/1173/977 846/1168/966
f 774/1170/993 845/1188/965 849/1171/980
f 792/1160/988 851/1159/986 852/1173/977
f 777/1172/994 849/1171/980 850/1162/974
f 788/1175/996 844/1189/961 848/1176/973
f 776/1178/998 847/1184/968 841/1179/957
f 790/1177/997 848/1176/973 830/1181/936
f 776/1178/998 775/1214/1014 829/1183/906
f 787/1185/1001 789/1169/992 846/1168/966
f 774/1170/993 773/1193/1003 842/1187/959
f 787/1185/1001 843/1186/967 844/1189/961
f 786/1190/1002 799/1197/1005 839/1191/954
f 773/1193/1003 772/1252/999 841/1194/957
f 785/1195/1004 786/1190/1002 840/1192/955
f 799/1197/1005 798/1201/1007 837/1198/950
f 784/1199/1006 785/1195/1004 838/1196/951
f 798/1201/1007 797/1205/1009 835/1202/946
f 784/1199/1006 836/1200/947 834/1203/943
f 797/1205/1009 796/1209/1011 833/1206/942
f 782/1207/1010 783/1204/1008 834/1203/943
f 796/1209/1011 795/1213/1013 831/1210/938
f 781/1211/1012 782/1207/1010 832/1208/939
f 795/1213/1013 791/1182/1000 830/1181/936
f 781/1211/1012 828/1212/904 829/1183/906
