# Blender 5.1.2
# www.blender.org
mtllib White_king.mtl
o king_white_low
v 0.154681 0.210786 1.029297
v 0.103572 0.210786 1.017632
v 0.195668 0.210786 1.061983
v 0.218414 0.210786 1.109214
v 0.218415 0.210786 1.161638
v 0.195669 0.210786 1.208870
v 0.154683 0.210786 1.241556
v 0.103574 0.210786 1.253222
v 0.147340 0.174090 1.044541
v 0.103572 0.174090 1.034552
v 0.182440 0.174090 1.072532
v 0.201919 0.174090 1.112979
v 0.201919 0.174090 1.157873
v 0.182441 0.174090 1.198321
v 0.147342 0.174090 1.226312
v 0.103574 0.174090 1.236302
v 0.157701 0.201323 1.023026
v 0.103572 0.201323 1.010672
v 0.201110 0.201323 1.057643
v 0.225200 0.201323 1.107666
v 0.225200 0.201323 1.163187
v 0.201111 0.201323 1.213210
v 0.103574 0.218198 1.238781
v 0.157703 0.201323 1.247827
v 0.146572 0.218198 1.228545
v 0.103574 0.201323 1.260182
v 0.182534 0.218198 1.199866
v 0.202490 0.218198 1.158425
v 0.202490 0.218198 1.112428
v 0.182533 0.218198 1.070986
v 0.103572 0.218198 1.032073
v 0.146571 0.218198 1.042308
v 0.157701 0.192944 1.023026
v 0.154634 0.183870 1.029396
v 0.103572 0.183870 1.017742
v 0.103572 0.192944 1.010672
v 0.201110 0.192944 1.057643
v 0.195582 0.183870 1.062051
v 0.225200 0.192944 1.107666
v 0.218307 0.183870 1.109239
v 0.225200 0.192944 1.163187
v 0.218307 0.183870 1.161613
v 0.201111 0.192944 1.213210
v 0.195583 0.183870 1.208802
v 0.157703 0.192944 1.247827
v 0.154635 0.183870 1.241457
v 0.103574 0.192944 1.260182
v 0.103574 0.183870 1.253112
v 0.156354 0.163041 1.025824
v 0.160386 0.156448 1.017452
v 0.103572 0.156448 1.004485
v 0.103572 0.163041 1.013777
v 0.198682 0.163041 1.059579
v 0.205947 0.156448 1.053785
v 0.222173 0.163041 1.108356
v 0.231232 0.156448 1.106289
v 0.222173 0.163041 1.162496
v 0.231233 0.156448 1.164563
v 0.198684 0.163041 1.211274
v 0.205949 0.156448 1.217067
v 0.156356 0.163041 1.245030
v 0.160388 0.156448 1.253402
v 0.103574 0.163041 1.257077
v 0.103574 0.156448 1.266369
v 0.160386 0.149104 1.017452
v 0.155994 0.141954 1.026572
v 0.103572 0.141954 1.014608
v 0.103572 0.149104 1.004485
v 0.205947 0.149104 1.053785
v 0.198033 0.141954 1.060097
v 0.231232 0.149104 1.106289
v 0.221363 0.141954 1.108541
v 0.231233 0.149104 1.164563
v 0.221363 0.141954 1.162311
v 0.205949 0.149104 1.217067
v 0.198034 0.141954 1.210756
v 0.160388 0.149104 1.253402
v 0.155995 0.141954 1.244281
v 0.103574 0.149104 1.266369
v 0.103574 0.141954 1.256246
v 0.103573 0.141954 1.135427
v 0.103574 0.227455 1.228769
v 0.144073 0.227455 1.219525
v 0.176551 0.227455 1.193624
v 0.194575 0.227455 1.156197
v 0.194575 0.227455 1.114656
v 0.176550 0.227455 1.077229
v 0.103572 0.227455 1.042085
v 0.144072 0.227455 1.051328
v 0.103574 0.318143 1.190879
v 0.127633 0.318143 1.185387
v 0.146927 0.318143 1.170000
v 0.157635 0.318143 1.147766
v 0.157635 0.318143 1.123087
v 0.146927 0.318143 1.100853
v 0.103573 0.318143 1.079975
v 0.127632 0.318143 1.085466
v 0.140842 0.232190 1.058036
v 0.103572 0.232190 1.049530
v 0.170730 0.232190 1.081871
v 0.187316 0.232190 1.116313
v 0.187316 0.232190 1.154540
v 0.170730 0.232190 1.188982
v 0.140843 0.232190 1.212817
v 0.103574 0.232190 1.221324
v 0.103573 0.361302 1.181486
v 0.123558 0.361302 1.176924
v 0.139584 0.361302 1.164144
v 0.148477 0.361302 1.145676
v 0.148477 0.361302 1.125178
v 0.139583 0.361302 1.106709
v 0.103573 0.361302 1.089368
v 0.123557 0.361302 1.093929
v 0.167660 0.280214 1.150054
v 0.167660 0.280214 1.120799
v 0.154967 0.280214 1.176412
v 0.132095 0.280214 1.194652
v 0.103573 0.280214 1.069692
v 0.103574 0.280214 1.201162
v 0.132094 0.280214 1.076202
v 0.154966 0.280214 1.094442
v 0.103573 0.430005 1.181262
v 0.123461 0.430005 1.176723
v 0.139409 0.430005 1.164005
v 0.148260 0.430005 1.145626
v 0.148259 0.430005 1.125227
v 0.139409 0.430005 1.106849
v 0.103573 0.430005 1.089591
v 0.123460 0.430005 1.094130
v 0.103574 0.513642 1.195195
v 0.129506 0.513642 1.189276
v 0.150302 0.513642 1.172691
v 0.161843 0.513642 1.148726
v 0.161842 0.513642 1.122127
v 0.150301 0.513642 1.098162
v 0.103573 0.513642 1.075659
v 0.129505 0.513642 1.081578
v 0.103573 0.532046 1.185989
v 0.125511 0.532046 1.180981
v 0.143104 0.532046 1.166951
v 0.152867 0.532046 1.146678
v 0.152867 0.532046 1.124176
v 0.143103 0.532046 1.103902
v 0.103573 0.532046 1.084865
v 0.125511 0.532046 1.089872
v 0.103574 0.520335 1.221687
v 0.103574 0.514628 1.215797
v 0.103574 0.516300 1.219962
v 0.138445 0.514628 1.207837
v 0.141001 0.520335 1.213144
v 0.140252 0.516300 1.211590
v 0.166409 0.514628 1.185536
v 0.171014 0.520335 1.189209
v 0.169665 0.516300 1.188133
v 0.181928 0.514628 1.153310
v 0.187671 0.520335 1.154621
v 0.185989 0.516300 1.154237
v 0.181928 0.514628 1.117542
v 0.187670 0.520335 1.116232
v 0.185988 0.516300 1.116616
v 0.166408 0.514628 1.085317
v 0.171014 0.520335 1.081644
v 0.169665 0.516300 1.082720
v 0.103572 0.514628 1.055057
v 0.103572 0.520335 1.049167
v 0.103572 0.516300 1.050892
v 0.138444 0.514628 1.063016
v 0.140999 0.520335 1.057709
v 0.140251 0.516300 1.059263
v 0.103574 0.531061 1.215797
v 0.103574 0.525353 1.221687
v 0.103574 0.529389 1.219962
v 0.141001 0.525353 1.213144
v 0.138445 0.531061 1.207837
v 0.140252 0.529389 1.211590
v 0.171014 0.525353 1.189209
v 0.166409 0.531061 1.185536
v 0.169665 0.529389 1.188133
v 0.187671 0.525353 1.154621
v 0.181928 0.531061 1.153310
v 0.185989 0.529389 1.154237
v 0.187670 0.525353 1.116232
v 0.181928 0.531061 1.117542
v 0.185988 0.529389 1.116616
v 0.171014 0.525353 1.081644
v 0.166408 0.531061 1.085317
v 0.169665 0.529389 1.082720
v 0.103572 0.525353 1.049167
v 0.103572 0.531061 1.055057
v 0.103572 0.529389 1.050892
v 0.140999 0.525353 1.057709
v 0.138444 0.531061 1.063016
v 0.140251 0.529389 1.059263
v 0.103573 0.538266 1.073160
v 0.130589 0.538266 1.079326
v 0.152255 0.538266 1.096604
v 0.164279 0.538266 1.121571
v 0.164279 0.538266 1.149282
v 0.152256 0.538266 1.174249
v 0.130590 0.538266 1.191527
v 0.103574 0.538266 1.197694
v 0.103573 0.549835 1.185248
v 0.103574 0.542940 1.197694
v 0.130590 0.542940 1.191527
v 0.125190 0.549835 1.180314
v 0.152256 0.542940 1.174249
v 0.142525 0.549835 1.166490
v 0.164279 0.542940 1.149282
v 0.152146 0.549835 1.146513
v 0.164279 0.542940 1.121571
v 0.152145 0.549835 1.124340
v 0.152255 0.542940 1.096604
v 0.142525 0.549835 1.104363
v 0.103573 0.542940 1.073160
v 0.103573 0.549835 1.085606
v 0.130589 0.542940 1.079326
v 0.125189 0.549835 1.090539
v 0.103573 0.535055 1.075215
v 0.150648 0.535055 1.097885
v 0.162275 0.535055 1.148825
v 0.129698 0.535055 1.189676
v 0.150649 0.535055 1.172968
v 0.162275 0.535055 1.122028
v 0.103574 0.535055 1.195639
v 0.129698 0.535055 1.081178
v 0.129650 0.546437 1.189576
v 0.103574 0.546437 1.195528
v 0.150562 0.546437 1.172899
v 0.162168 0.546437 1.148800
v 0.162167 0.546437 1.122053
v 0.150562 0.546437 1.097954
v 0.129650 0.546437 1.081277
v 0.103573 0.546437 1.075326
v 0.103573 0.476320 1.184248
v 0.124756 0.476320 1.179413
v 0.141743 0.476320 1.165866
v 0.151171 0.476320 1.146290
v 0.151170 0.476320 1.124563
v 0.141743 0.476320 1.104987
v 0.124756 0.476320 1.091440
v 0.103573 0.476320 1.086606
v 0.103573 0.563805 1.185248
v 0.125190 0.563805 1.180314
v 0.142525 0.563805 1.166490
v 0.152146 0.563805 1.146513
v 0.152145 0.563805 1.124340
v 0.142525 0.563805 1.104363
v 0.103573 0.563805 1.085606
v 0.125189 0.563805 1.090539
v 0.146431 0.566764 1.169604
v 0.157016 0.566764 1.147624
v 0.157016 0.566764 1.123229
v 0.146430 0.566764 1.101249
v 0.127357 0.566764 1.086038
v 0.103573 0.566764 1.080610
v 0.103574 0.566764 1.190244
v 0.127358 0.566764 1.184815
v 0.103573 0.569722 1.185262
v 0.125196 0.569722 1.180326
v 0.142536 0.569722 1.166498
v 0.152158 0.569722 1.146516
v 0.152158 0.569722 1.124337
v 0.142535 0.569722 1.104355
v 0.103573 0.569722 1.085592
v 0.125195 0.569722 1.090527
v 0.052463 0.210786 1.029298
v 0.011477 0.210786 1.061984
v -0.011268 0.210786 1.109216
v -0.011268 0.210786 1.161640
v 0.011478 0.210786 1.208872
v 0.052465 0.210786 1.241557
v 0.059804 0.174090 1.044542
v 0.024705 0.174090 1.072533
v 0.005227 0.174090 1.112981
v 0.005227 0.174090 1.157875
v 0.024706 0.174090 1.198322
v 0.059806 0.174090 1.226313
v 0.049443 0.201323 1.023027
v 0.006035 0.201323 1.057644
v -0.018054 0.201323 1.107667
v -0.018054 0.201323 1.163188
v 0.006036 0.201323 1.213211
v 0.049445 0.201323 1.247828
v 0.060575 0.218198 1.228546
v 0.024614 0.218198 1.199868
v 0.004656 0.218198 1.158426
v 0.004656 0.218198 1.112429
v 0.024613 0.218198 1.070988
v 0.060574 0.218198 1.042309
v 0.049443 0.192944 1.023027
v 0.052511 0.183870 1.029397
v 0.006035 0.192944 1.057644
v 0.011563 0.183870 1.062052
v -0.018054 0.192944 1.107667
v -0.011161 0.183870 1.109241
v -0.018054 0.192944 1.163188
v -0.011161 0.183870 1.161615
v 0.006036 0.192944 1.213211
v 0.011564 0.183870 1.208803
v 0.049445 0.192944 1.247828
v 0.052512 0.183870 1.241458
v 0.050790 0.163041 1.025824
v 0.046758 0.156448 1.017452
v 0.008463 0.163041 1.059580
v 0.001198 0.156448 1.053787
v -0.015027 0.163041 1.108358
v -0.024087 0.156448 1.106291
v -0.015027 0.163041 1.162498
v -0.024086 0.156448 1.164565
v 0.008464 0.163041 1.211275
v 0.001199 0.156448 1.217069
v 0.050792 0.163041 1.245030
v 0.046760 0.156448 1.253402
v 0.046758 0.149104 1.017452
v 0.051151 0.141954 1.026573
v 0.001198 0.149104 1.053787
v 0.009112 0.141954 1.060098
v -0.024087 0.149104 1.106291
v -0.014217 0.141954 1.108543
v -0.024086 0.149104 1.164565
v -0.014217 0.141954 1.162313
v 0.001199 0.149104 1.217069
v 0.009113 0.141954 1.210757
v 0.046760 0.149104 1.253402
v 0.051152 0.141954 1.244282
v 0.063074 0.227455 1.219526
v 0.030596 0.227455 1.193626
v 0.012571 0.227455 1.156198
v 0.012571 0.227455 1.114657
v 0.030595 0.227455 1.077230
v 0.063073 0.227455 1.051329
v 0.079514 0.318143 1.185388
v 0.060219 0.318143 1.170001
v 0.049512 0.318143 1.147767
v 0.049511 0.318143 1.123088
v 0.060219 0.318143 1.100854
v 0.079513 0.318143 1.085467
v 0.066303 0.232190 1.058037
v 0.036416 0.232190 1.081872
v 0.019830 0.232190 1.116314
v 0.019830 0.232190 1.154541
v 0.036417 0.232190 1.188983
v 0.066304 0.232190 1.212818
v 0.083589 0.361302 1.176925
v 0.067563 0.361302 1.164145
v 0.058669 0.361302 1.145676
v 0.058669 0.361302 1.125178
v 0.067563 0.361302 1.106710
v 0.083589 0.361302 1.093930
v 0.039487 0.280214 1.150055
v 0.039486 0.280214 1.120800
v 0.052180 0.280214 1.176412
v 0.075052 0.280214 1.194652
v 0.075051 0.280214 1.076202
v 0.052179 0.280214 1.094442
v 0.083686 0.430005 1.176724
v 0.067738 0.430005 1.164005
v 0.058887 0.430005 1.145627
v 0.058887 0.430005 1.125228
v 0.067737 0.430005 1.106849
v 0.083685 0.430005 1.094131
v 0.077641 0.513642 1.189276
v 0.056845 0.513642 1.172692
v 0.045304 0.513642 1.148727
v 0.045304 0.513642 1.122128
v 0.056844 0.513642 1.098163
v 0.077640 0.513642 1.081578
v 0.081636 0.532046 1.180982
v 0.064043 0.532046 1.166952
v 0.054279 0.532046 1.146678
v 0.054279 0.532046 1.124176
v 0.064042 0.532046 1.103903
v 0.081635 0.532046 1.089873
v 0.068703 0.514628 1.207838
v 0.066147 0.520335 1.213145
v 0.066895 0.516300 1.211591
v 0.040738 0.514628 1.185537
v 0.036133 0.520335 1.189210
v 0.037481 0.516300 1.188134
v 0.025218 0.514628 1.153312
v 0.019476 0.520335 1.154622
v 0.021158 0.516300 1.154238
v 0.025218 0.514628 1.117544
v 0.019476 0.520335 1.116233
v 0.021158 0.516300 1.116617
v 0.040737 0.514628 1.085318
v 0.036132 0.520335 1.081645
v 0.037481 0.516300 1.082721
v 0.068701 0.514628 1.063017
v 0.066146 0.520335 1.057710
v 0.066894 0.516300 1.059264
v 0.066147 0.525353 1.213145
v 0.068703 0.531061 1.207838
v 0.066895 0.529389 1.211591
v 0.036133 0.525353 1.189210
v 0.040738 0.531061 1.185537
v 0.037481 0.529389 1.188134
v 0.019476 0.525353 1.154622
v 0.025218 0.531061 1.153312
v 0.021158 0.529389 1.154238
v 0.019476 0.525353 1.116233
v 0.025218 0.531061 1.117544
v 0.021158 0.529389 1.116617
v 0.036132 0.525353 1.081645
v 0.040737 0.531061 1.085318
v 0.037481 0.529389 1.082721
v 0.066146 0.525353 1.057710
v 0.068701 0.531061 1.063017
v 0.066894 0.529389 1.059264
v 0.076556 0.538266 1.079327
v 0.054891 0.538266 1.096605
v 0.042867 0.538266 1.121572
v 0.042867 0.538266 1.149283
v 0.054891 0.538266 1.174250
v 0.076557 0.538266 1.191528
v 0.076557 0.542940 1.191528
v 0.081957 0.549835 1.180315
v 0.054891 0.542940 1.174250
v 0.064621 0.549835 1.166490
v 0.042867 0.542940 1.149283
v 0.055001 0.549835 1.146514
v 0.042867 0.542940 1.121572
v 0.055001 0.549835 1.124341
v 0.054891 0.542940 1.096605
v 0.064621 0.549835 1.104364
v 0.076556 0.542940 1.079327
v 0.081956 0.549835 1.090540
v 0.056497 0.535055 1.097886
v 0.044871 0.535055 1.148826
v 0.077449 0.535055 1.189676
v 0.056498 0.535055 1.172969
v 0.044871 0.535055 1.122029
v 0.077448 0.535055 1.081178
v 0.077497 0.546437 1.189577
v 0.056584 0.546437 1.172900
v 0.044979 0.546437 1.148801
v 0.044979 0.546437 1.122054
v 0.056584 0.546437 1.097955
v 0.077496 0.546437 1.081278
v 0.082391 0.476320 1.179414
v 0.065403 0.476320 1.165867
v 0.055976 0.476320 1.146291
v 0.055976 0.476320 1.124564
v 0.065403 0.476320 1.104988
v 0.082390 0.476320 1.091441
v 0.081957 0.563805 1.180315
v 0.064621 0.563805 1.166490
v 0.055001 0.563805 1.146514
v 0.055001 0.563805 1.124341
v 0.064621 0.563805 1.104364
v 0.081956 0.563805 1.090540
v 0.060716 0.566764 1.169605
v 0.050131 0.566764 1.147625
v 0.050130 0.566764 1.123230
v 0.060715 0.566764 1.101250
v 0.079789 0.566764 1.086039
v 0.079789 0.566764 1.184816
v 0.081951 0.569722 1.180327
v 0.064611 0.569722 1.166499
v 0.054988 0.569722 1.146517
v 0.054988 0.569722 1.124338
v 0.064611 0.569722 1.104356
v 0.081950 0.569722 1.090528
v 0.103573 0.646835 1.153542
v 0.111433 0.646835 1.151748
v 0.117736 0.646835 1.146721
v 0.121234 0.646835 1.139458
v 0.121234 0.646835 1.131396
v 0.117736 0.646835 1.124133
v 0.103573 0.646835 1.117312
v 0.111433 0.646835 1.119106
v 0.095714 0.646835 1.151748
v 0.089411 0.646835 1.146721
v 0.085913 0.646835 1.139458
v 0.085912 0.646835 1.131396
v 0.089410 0.646835 1.124133
v 0.095713 0.646835 1.119106
v 0.103574 0.638127 1.201420
v 0.103574 0.620268 1.210225
v 0.103574 0.629922 1.209296
v 0.136027 0.620268 1.202817
v 0.132207 0.638127 1.194885
v 0.135624 0.629922 1.201980
v 0.162053 0.620268 1.182062
v 0.155169 0.638127 1.176573
v 0.161326 0.629922 1.181483
v 0.176496 0.620268 1.152071
v 0.167912 0.638127 1.150111
v 0.175590 0.629922 1.151864
v 0.176496 0.620268 1.118782
v 0.167912 0.638127 1.120742
v 0.175590 0.629922 1.118989
v 0.162052 0.620268 1.088791
v 0.155168 0.638127 1.094280
v 0.161326 0.629922 1.089370
v 0.103572 0.620268 1.060629
v 0.103573 0.638127 1.069433
v 0.103573 0.629922 1.061558
v 0.136026 0.620268 1.068036
v 0.132206 0.638127 1.075969
v 0.135623 0.629922 1.068873
v 0.074940 0.638127 1.194885
v 0.071120 0.620268 1.202818
v 0.071523 0.629922 1.201981
v 0.051978 0.638127 1.176574
v 0.045094 0.620268 1.182063
v 0.045821 0.629922 1.181484
v 0.039234 0.638127 1.150112
v 0.030651 0.620268 1.152072
v 0.031557 0.629922 1.151865
v 0.039234 0.638127 1.120743
v 0.030650 0.620268 1.118783
v 0.031556 0.629922 1.118990
v 0.051977 0.638127 1.094281
v 0.045093 0.620268 1.088792
v 0.045820 0.629922 1.089371
v 0.074939 0.638127 1.075969
v 0.071119 0.620268 1.068037
v 0.071522 0.629922 1.068874
v 0.103573 0.657172 1.166967
v 0.103573 0.647612 1.159969
v 0.103573 0.650763 1.164918
v 0.114222 0.647612 1.157539
v 0.117258 0.657172 1.163844
v 0.116369 0.650763 1.161997
v 0.122761 0.647612 1.150729
v 0.128232 0.657172 1.155092
v 0.126630 0.650763 1.153814
v 0.127500 0.647612 1.140888
v 0.134323 0.657172 1.142445
v 0.132324 0.650763 1.141989
v 0.127500 0.647612 1.129966
v 0.134323 0.657172 1.128408
v 0.132324 0.650763 1.128864
v 0.122761 0.647612 1.120125
v 0.128232 0.657172 1.115762
v 0.126630 0.650763 1.117040
v 0.103573 0.647612 1.110885
v 0.103573 0.657172 1.103887
v 0.103573 0.650763 1.105936
v 0.114221 0.647612 1.113315
v 0.117258 0.657172 1.107010
v 0.116368 0.650763 1.108857
v 0.089888 0.657172 1.163844
v 0.092925 0.647612 1.157539
v 0.090778 0.650763 1.161997
v 0.078914 0.657172 1.155092
v 0.084385 0.647612 1.150729
v 0.080516 0.650763 1.153814
v 0.072824 0.657172 1.142446
v 0.079646 0.647612 1.140888
v 0.074822 0.650763 1.141989
v 0.072823 0.657172 1.128409
v 0.079646 0.647612 1.129966
v 0.074822 0.650763 1.128865
v 0.078914 0.657172 1.115762
v 0.084385 0.647612 1.120125
v 0.080516 0.650763 1.117040
v 0.089888 0.657172 1.107010
v 0.092924 0.647612 1.113315
v 0.090777 0.650763 1.108857
v 0.103573 0.671346 1.159936
v 0.103573 0.662633 1.166967
v 0.103573 0.668794 1.164908
v 0.117258 0.662633 1.163844
v 0.114207 0.671346 1.157509
v 0.116365 0.668794 1.161988
v 0.128232 0.662633 1.155092
v 0.122735 0.671346 1.150708
v 0.126622 0.668794 1.153808
v 0.134323 0.662633 1.142445
v 0.127468 0.671346 1.140881
v 0.132315 0.668794 1.141987
v 0.134323 0.662633 1.128408
v 0.127468 0.671346 1.129973
v 0.132315 0.668794 1.128867
v 0.128232 0.662633 1.115762
v 0.122735 0.671346 1.120146
v 0.126622 0.668794 1.117046
v 0.103573 0.662633 1.103887
v 0.103573 0.671346 1.110918
v 0.103573 0.668794 1.105946
v 0.117258 0.662633 1.107010
v 0.114207 0.671346 1.113345
v 0.116364 0.668794 1.108865
v 0.092939 0.671346 1.157509
v 0.089888 0.662633 1.163844
v 0.090782 0.668794 1.161989
v 0.084411 0.671346 1.150708
v 0.078914 0.662633 1.155092
v 0.080524 0.668794 1.153808
v 0.079678 0.671346 1.140881
v 0.072824 0.662633 1.142446
v 0.074831 0.668794 1.141987
v 0.079678 0.671346 1.129973
v 0.072823 0.662633 1.128409
v 0.074831 0.668794 1.128867
v 0.084411 0.671346 1.120146
v 0.078914 0.662633 1.115762
v 0.080524 0.668794 1.117046
v 0.092939 0.671346 1.113345
v 0.089888 0.662633 1.107010
v 0.090782 0.668794 1.108866
v 0.107668 0.671347 1.143929
v 0.103573 0.671347 1.144864
v 0.110951 0.671347 1.141311
v 0.112774 0.671347 1.137527
v 0.112774 0.671347 1.133327
v 0.110951 0.671347 1.129543
v 0.107668 0.671347 1.126924
v 0.103573 0.671347 1.125990
v 0.099479 0.671347 1.143930
v 0.096195 0.671347 1.141311
v 0.094373 0.671347 1.137527
v 0.094373 0.671347 1.133327
v 0.096195 0.671347 1.129543
v 0.099478 0.671347 1.126925
v 0.110687 0.691594 1.138723
v 0.110687 0.705337 1.138723
v 0.096460 0.691594 1.138723
v 0.096460 0.705337 1.138723
v 0.096460 0.691594 1.132131
v 0.096460 0.705337 1.132131
v 0.093174 0.717231 1.132131
v 0.093174 0.717231 1.138723
v 0.113972 0.717231 1.138723
v 0.113972 0.717231 1.132131
v 0.093174 0.677769 1.132131
v 0.113972 0.677769 1.132131
v 0.093174 0.677769 1.138723
v 0.113972 0.677769 1.138723
v 0.094454 0.677769 1.133327
v 0.094454 0.677769 1.137527
v 0.112692 0.677769 1.137527
v 0.112692 0.677769 1.133327
v 0.110687 0.691594 1.132131
v 0.110687 0.705337 1.132131
v 0.123575 0.708511 1.132131
v 0.123575 0.708511 1.138723
v 0.123575 0.688420 1.132131
v 0.123575 0.688420 1.138723
v 0.083571 0.708511 1.138723
v 0.083571 0.688420 1.138723
v 0.083571 0.708511 1.132131
v 0.083571 0.688420 1.132131
v 0.104808 0.717231 1.135906
v 0.104120 0.717231 1.136594
v 0.103026 0.717231 1.136594
v 0.102338 0.717231 1.135906
v 0.104120 0.717231 1.134260
v 0.104808 0.717231 1.134948
v 0.102338 0.717231 1.134948
v 0.103026 0.717231 1.134260
v 0.104072 0.719839 1.136375
v 0.104299 0.718991 1.136976
v 0.104635 0.719839 1.135812
v 0.105212 0.718991 1.136063
v 0.102512 0.719839 1.135812
v 0.101934 0.718991 1.136063
v 0.103074 0.719839 1.136375
v 0.102847 0.718991 1.136976
v 0.104635 0.719839 1.135042
v 0.105212 0.718991 1.134791
v 0.104072 0.719839 1.134479
v 0.104299 0.718991 1.133878
v 0.103074 0.719839 1.134479
v 0.102847 0.718991 1.133879
v 0.102512 0.719839 1.135042
v 0.101934 0.718991 1.134791
v 0.104299 0.718111 1.136976
v 0.105212 0.718111 1.136063
v 0.102847 0.718111 1.136976
v 0.105212 0.718111 1.134791
v 0.101934 0.718111 1.136063
v 0.101934 0.718111 1.134791
v 0.104299 0.718111 1.133878
v 0.102847 0.718111 1.133879
v 0.103573 0.719839 1.135427
vn 0.9302 0.2994 0.2123
vn 0.9264 -0.3116 -0.2114
vn 0.9302 0.2994 -0.2123
vn 0.7460 0.2994 0.5949
vn 0.9264 -0.3116 0.2114
vn 0.4140 0.2994 0.8596
vn 0.7429 -0.3116 0.5924
vn -0.0000 -0.7400 -0.6726
vn 0.4338 0.0220 -0.9008
vn -0.0000 0.0220 -0.9998
vn -0.0000 0.2994 0.9541
vn 0.4123 -0.3116 0.8561
vn 0.7429 -0.3116 -0.5925
vn 0.7460 0.2994 -0.5949
vn 0.4123 -0.3116 -0.8561
vn 0.4140 0.2994 -0.8596
vn 0.2882 0.7519 -0.5929
vn 0.5123 0.7565 -0.4066
vn 0.6351 0.7588 -0.1444
vn 0.6351 0.7588 0.1444
vn 0.5123 0.7565 0.4066
vn 0.2882 0.7519 0.5929
vn -0.0000 0.7463 0.6656
vn 0.5259 -0.7400 -0.4194
vn 0.2918 -0.7400 -0.6060
vn 0.6558 -0.7400 0.1497
vn 0.9747 0.0220 -0.2225
vn 0.6558 -0.7400 -0.1497
vn 0.7816 0.0220 0.6233
vn 0.9747 0.0220 0.2225
vn 0.2918 -0.7400 0.6060
vn 0.5259 -0.7400 0.4194
vn -0.0000 -0.7400 0.6726
vn 0.4338 0.0220 0.9007
vn 0.7816 0.0220 -0.6233
vn -0.0000 0.7463 -0.6656
vn 0.1841 0.8984 -0.3987
vn 0.1841 0.8984 0.3987
vn -0.0000 0.8896 0.4567
vn 0.3278 0.9060 0.2676
vn 0.4045 0.9097 0.0940
vn 0.4045 0.9097 -0.0940
vn 0.3278 0.9060 -0.2676
vn -0.0000 -0.3116 -0.9502
vn -0.0000 0.2994 -0.9541
vn 0.3908 0.4343 0.8115
vn 0.7039 -0.4352 0.5613
vn 0.7042 0.4343 0.5616
vn -0.0000 0.4343 0.9007
vn 0.3906 -0.4352 0.8112
vn 0.8782 0.4343 -0.2004
vn 0.7039 -0.4352 -0.5614
vn 0.7042 0.4343 -0.5616
vn 0.3906 -0.4352 -0.8112
vn 0.3908 0.4343 -0.8116
vn 0.8782 0.4343 0.2004
vn 0.8778 -0.4352 -0.2003
vn 0.8778 -0.4352 0.2003
vn 0.4157 0.8469 0.3315
vn -0.0000 0.8469 0.5317
vn 0.2307 0.8469 0.4791
vn -0.0000 0.8469 -0.5317
vn 0.4157 0.8469 -0.3315
vn 0.2307 0.8469 -0.4791
vn 0.5184 0.8469 -0.1183
vn 0.5184 0.8469 0.1183
vn -0.0000 0.4343 -0.9008
vn 0.1479 -0.9401 -0.3071
vn -0.0000 -0.4352 -0.9003
vn 0.2665 -0.9401 -0.2125
vn 0.3323 -0.9401 -0.0758
vn 0.3323 -0.9401 0.0758
vn 0.2665 -0.9401 0.2125
vn 0.1479 -0.9401 0.3071
vn -0.0000 -0.9401 0.3409
vn -0.0000 -1.0000 -0.0000
vn -0.0000 -0.9401 -0.3409
vn 0.7285 0.6637 0.1694
vn 0.5132 0.7586 0.4014
vn 0.5682 0.6798 0.4637
vn 0.5682 0.6798 -0.4637
vn 0.2838 0.7710 -0.5701
vn 0.5132 0.7586 -0.4014
vn 0.2971 0.7078 0.6409
vn -0.0000 0.7848 0.6197
vn -0.0000 0.7342 0.6789
vn 0.7285 0.6637 -0.1695
vn 0.6438 0.7514 0.1446
vn 0.2838 0.7710 0.5701
vn 0.2971 0.7078 -0.6409
vn -0.0000 0.7848 -0.6197
vn 0.6438 0.7514 -0.1446
vn 0.5232 0.8438 -0.1194
vn 0.5232 0.8438 0.1194
vn 0.4195 0.8438 0.3346
vn 0.2328 0.8438 0.4835
vn 0.8989 0.3871 -0.2052
vn 0.9210 0.3280 0.2102
vn 0.8989 0.3871 0.2052
vn 0.7386 0.3280 -0.5890
vn 0.9469 0.2381 -0.2161
vn 0.9210 0.3280 -0.2102
vn 0.4099 0.3280 -0.8511
vn 0.7593 0.2381 -0.6056
vn -0.0000 0.3280 -0.9447
vn 0.4214 0.2381 -0.8751
vn -0.0000 0.8438 0.5366
vn -0.0000 0.8438 -0.5366
vn 0.2328 0.8438 -0.4835
vn 0.4195 0.8438 -0.3346
vn 0.4099 0.3280 0.8511
vn -0.0000 0.2381 0.9712
vn -0.0000 0.3280 0.9447
vn 0.7386 0.3280 0.5890
vn 0.4214 0.2381 0.8751
vn 0.7594 0.2381 0.6056
vn 0.9469 0.2381 0.2161
vn 0.7771 0.1102 0.6197
vn 0.9690 0.1102 0.2212
vn 0.7771 0.1102 -0.6197
vn 0.9690 0.1102 -0.2212
vn -0.0000 0.1102 0.9939
vn -0.0000 0.2381 -0.9712
vn 0.4312 0.1102 -0.8955
vn 0.4312 0.1102 0.8955
vn 0.7209 0.3871 -0.5749
vn -0.0000 0.3871 -0.9220
vn 0.4001 0.3871 -0.8307
vn 0.4001 0.3871 0.8307
vn -0.0000 0.3871 0.9220
vn 0.7209 0.3871 0.5749
vn 0.7815 -0.0307 -0.6232
vn -0.0000 0.1102 -0.9939
vn 0.4337 -0.0307 -0.9005
vn -0.0000 -0.0307 0.9995
vn 0.7815 -0.0307 0.6232
vn 0.4337 -0.0307 0.9005
vn 0.9745 -0.0307 0.2224
vn 0.9745 -0.0307 -0.2224
vn 0.4271 -0.1767 0.8868
vn -0.0000 -0.2814 0.9596
vn -0.0000 -0.1767 0.9843
vn 0.7695 -0.1767 0.6137
vn 0.4163 -0.2814 0.8645
vn 0.9355 -0.2814 0.2135
vn 0.7502 -0.2814 0.5983
vn 0.9596 -0.1767 -0.2190
vn 0.9596 -0.1767 0.2190
vn 0.7695 -0.1767 -0.6137
vn 0.9355 -0.2814 -0.2135
vn 0.4271 -0.1767 -0.8868
vn 0.7502 -0.2814 -0.5983
vn -0.0000 -0.2814 -0.9596
vn 0.4163 -0.2814 -0.8646
vn 0.7668 -0.1952 -0.6115
vn 0.9562 0.1952 -0.2182
vn 0.9562 -0.1952 -0.2182
vn 0.4255 -0.1952 -0.8836
vn 0.7668 0.1952 -0.6115
vn 0.0995 0.9733 0.2066
vn -0.0000 0.1576 0.9875
vn -0.0000 0.9733 0.2294
vn -0.0000 -0.1952 -0.9808
vn 0.4255 0.1952 -0.8836
vn -0.0000 -0.9989 0.0478
vn 0.1022 -0.9719 0.2122
vn -0.0000 -0.9719 0.2355
vn 0.9562 -0.1952 0.2182
vn 0.7668 0.1952 0.6115
vn 0.7668 -0.1952 0.6115
vn 0.9562 0.1952 0.2182
vn 0.0374 -0.9989 -0.0298
vn 0.2296 -0.9719 -0.0524
vn 0.0466 -0.9989 -0.0106
vn 0.0207 -0.9989 -0.0430
vn 0.1841 -0.9719 -0.1468
vn -0.0000 -0.9719 -0.2355
vn 0.1022 -0.9719 -0.2122
vn 0.4255 0.1952 0.8836
vn 0.4255 -0.1952 0.8836
vn 0.0207 -0.9989 0.0430
vn 0.1841 -0.9719 0.1468
vn 0.0374 -0.9989 0.0298
vn 0.2296 -0.9719 0.0524
vn 0.0466 -0.9989 0.0106
vn 0.1793 0.9733 0.1430
vn 0.4285 0.1576 0.8897
vn 0.2236 0.9733 0.0510
vn 0.7721 0.1576 0.6157
vn 0.2236 0.9733 -0.0510
vn 0.9628 0.1576 0.2197
vn 0.1793 0.9733 -0.1430
vn 0.9627 0.1576 -0.2197
vn 0.4285 0.1576 -0.8897
vn 0.7721 0.1575 -0.6157
vn -0.0000 0.9733 -0.2294
vn 0.0995 0.9733 -0.2066
vn -0.0000 -0.6887 0.7250
vn 0.3146 -0.6887 0.6532
vn 0.5669 -0.6887 0.4520
vn 0.7069 -0.6887 0.1613
vn 0.7068 -0.6887 -0.1613
vn 0.5668 -0.6887 -0.4521
vn 0.3146 -0.6887 -0.6532
vn -0.0000 -0.6887 -0.7250
vn -0.0000 0.6887 0.7250
vn 0.3146 0.6887 0.6532
vn 0.5668 0.6887 0.4520
vn 0.7069 0.6887 0.1613
vn 0.7068 0.6887 -0.1613
vn 0.5668 0.6887 -0.4520
vn 0.3146 0.6887 -0.6532
vn -0.0000 0.1952 -0.9808
vn -0.0000 0.6887 -0.7250
vn -0.0000 0.1952 0.9808
vn -0.0000 -0.1952 0.9808
vn 0.7526 -0.2707 -0.6002
vn 0.9403 0.2640 -0.2146
vn 0.9385 -0.2707 -0.2142
vn 0.4177 -0.2707 -0.8673
vn 0.7541 0.2640 -0.6014
vn -0.0000 -0.2707 -0.9627
vn 0.4185 0.2640 -0.8690
vn 0.4177 -0.2707 0.8673
vn -0.0000 0.2640 0.9645
vn -0.0000 -0.2707 0.9627
vn 0.7526 -0.2707 0.6002
vn 0.4185 0.2640 0.8690
vn 0.9385 -0.2707 0.2142
vn 0.7541 0.2640 0.6014
vn 0.9403 0.2640 0.2146
vn 0.2454 0.9495 0.1957
vn 0.2809 0.7621 0.5834
vn 0.5062 0.7621 0.4037
vn 0.6312 0.7621 0.1441
vn 0.3060 0.9495 -0.0698
vn 0.6312 0.7621 -0.1441
vn 0.2454 0.9495 -0.1957
vn 0.5062 0.7621 -0.4037
vn 0.1362 0.9495 -0.2828
vn 0.2809 0.7621 -0.5834
vn -0.0000 0.7621 -0.6475
vn 0.6198 -0.7719 -0.1415
vn 0.6198 -0.7719 0.1415
vn 0.4970 -0.7719 0.3964
vn 0.2758 -0.7719 0.5728
vn -0.0000 -0.7719 0.6357
vn -0.0000 -0.7719 -0.6357
vn 0.2758 -0.7719 -0.5728
vn 0.4970 -0.7719 -0.3964
vn -0.0000 0.7621 0.6475
vn 0.1362 0.9495 0.2828
vn -0.0000 0.9495 0.3139
vn -0.0000 0.2640 -0.9645
vn -0.0000 -0.0307 -0.9995
vn 0.9749 -0.0000 0.2225
vn 0.7818 -0.0000 0.6235
vn 0.4339 -0.0000 -0.9010
vn 0.7818 -0.0000 -0.6235
vn 0.9749 -0.0000 -0.2225
vn 0.4339 -0.0000 0.9010
vn -0.0000 -0.0000 -1.0000
vn -0.0000 -0.0000 1.0000
vn 0.3984 -0.8604 0.3177
vn 0.4339 -0.0005 0.9010
vn 0.2211 -0.8604 0.4591
vn 0.9749 -0.0005 0.2225
vn 0.7818 -0.0005 0.6235
vn 0.4968 -0.8604 0.1134
vn 0.9749 -0.0005 -0.2225
vn 0.3984 -0.8604 -0.3177
vn 0.4968 -0.8604 -0.1134
vn 0.4339 -0.0005 -0.9010
vn 0.7818 -0.0005 -0.6235
vn 0.2211 -0.8604 -0.4591
vn -0.0000 -0.0005 -1.0000
vn -0.0000 -0.8604 0.5096
vn -0.0000 -0.0005 1.0000
vn 0.4978 0.8598 -0.1136
vn 0.3992 0.8598 -0.3184
vn 0.2215 0.8598 -0.4600
vn 0.2215 0.8598 0.4600
vn -0.0000 0.8598 0.5106
vn 0.3992 0.8598 0.3183
vn 0.4978 0.8598 0.1136
vn -0.9264 -0.3116 -0.2114
vn -0.9302 0.2994 0.2123
vn -0.9302 0.2994 -0.2123
vn -0.9264 -0.3116 0.2115
vn -0.7460 0.2994 0.5949
vn -0.7429 -0.3116 0.5925
vn -0.4140 0.2994 0.8596
vn -0.2918 -0.7400 -0.6060
vn -0.4123 -0.3116 0.8561
vn -0.7429 -0.3116 -0.5924
vn -0.7460 0.2994 -0.5949
vn -0.4123 -0.3116 -0.8561
vn -0.4140 0.2994 -0.8596
vn -0.5123 0.7565 -0.4066
vn -0.6351 0.7588 -0.1444
vn -0.6351 0.7588 0.1444
vn -0.5123 0.7565 0.4066
vn -0.4338 0.0220 -0.9007
vn -0.5259 -0.7400 -0.4194
vn -0.9747 0.0220 -0.2225
vn -0.6558 -0.7400 0.1497
vn -0.6558 -0.7400 -0.1497
vn -0.7816 0.0220 0.6233
vn -0.5259 -0.7400 0.4194
vn -0.2918 -0.7400 0.6060
vn -0.4338 0.0220 0.9008
vn -0.7816 0.0220 -0.6233
vn -0.1841 0.8984 -0.3987
vn -0.2882 0.7519 -0.5929
vn -0.1841 0.8984 0.3987
vn -0.2882 0.7519 0.5929
vn -0.3278 0.9060 0.2676
vn -0.4045 0.9097 0.0940
vn -0.4045 0.9097 -0.0940
vn -0.3278 0.9060 -0.2676
vn -0.0000 -0.3116 0.9502
vn -0.7039 -0.4352 0.5614
vn -0.3908 0.4343 0.8116
vn -0.7042 0.4343 0.5616
vn -0.3906 -0.4352 0.8112
vn -0.7039 -0.4352 -0.5613
vn -0.8782 0.4343 -0.2004
vn -0.7042 0.4343 -0.5616
vn -0.3906 -0.4352 -0.8112
vn -0.3908 0.4343 -0.8115
vn -0.8778 -0.4352 -0.2003
vn -0.8782 0.4343 0.2004
vn -0.8778 -0.4352 0.2004
vn -0.2307 0.8469 0.4791
vn -0.0000 0.0220 0.9998
vn -0.2307 0.8469 -0.4791
vn -0.5184 0.8469 -0.1183
vn -0.9747 0.0220 0.2225
vn -0.5184 0.8469 0.1183
vn -0.4157 0.8469 -0.3315
vn -0.4157 0.8469 0.3315
vn -0.1479 -0.9401 -0.3071
vn -0.2665 -0.9401 -0.2125
vn -0.3323 -0.9401 -0.0758
vn -0.3323 -0.9401 0.0758
vn -0.2665 -0.9401 0.2125
vn -0.1479 -0.9401 0.3071
vn -0.0000 -0.4352 0.9003
vn -0.5132 0.7586 0.4014
vn -0.7285 0.6637 0.1695
vn -0.5682 0.6798 0.4637
vn -0.5682 0.6798 -0.4637
vn -0.2838 0.7710 -0.5701
vn -0.2971 0.7078 -0.6409
vn -0.2971 0.7078 0.6409
vn -0.6438 0.7514 -0.1446
vn -0.7285 0.6637 -0.1694
vn -0.2838 0.7710 0.5701
vn -0.0000 0.7342 -0.6789
vn -0.5132 0.7586 -0.4014
vn -0.6438 0.7514 0.1446
vn -0.5232 0.8438 -0.1194
vn -0.5232 0.8438 0.1194
vn -0.4195 0.8438 0.3346
vn -0.9210 0.3280 0.2102
vn -0.8989 0.3871 -0.2052
vn -0.8989 0.3871 0.2052
vn -0.9469 0.2381 -0.2161
vn -0.7386 0.3280 -0.5890
vn -0.9210 0.3280 -0.2102
vn -0.4214 0.2381 -0.8751
vn -0.4099 0.3280 -0.8511
vn -0.2328 0.8438 0.4835
vn -0.2328 0.8438 -0.4835
vn -0.4195 0.8438 -0.3346
vn -0.4214 0.2381 0.8751
vn -0.4099 0.3280 0.8511
vn -0.7386 0.3280 0.5890
vn -0.7594 0.2381 0.6056
vn -0.7771 0.1102 0.6197
vn -0.9469 0.2381 0.2161
vn -0.9690 0.1102 0.2212
vn -0.9690 0.1102 -0.2212
vn -0.7594 0.2381 -0.6056
vn -0.7771 0.1102 -0.6197
vn -0.4312 0.1102 -0.8955
vn -0.4312 0.1102 0.8955
vn -0.7209 0.3871 -0.5749
vn -0.4001 0.3871 -0.8307
vn -0.4001 0.3871 0.8307
vn -0.7209 0.3871 0.5749
vn -0.4337 -0.0307 -0.9005
vn -0.4337 -0.0307 0.9005
vn -0.7815 -0.0307 0.6232
vn -0.9745 -0.0307 0.2224
vn -0.9745 -0.0307 -0.2224
vn -0.4270 -0.1767 0.8868
vn -0.4163 -0.2814 0.8646
vn -0.7695 -0.1767 0.6137
vn -0.7502 -0.2814 0.5983
vn -0.9596 -0.1767 0.2190
vn -0.9355 -0.2814 0.2135
vn -0.9596 -0.1767 -0.2190
vn -0.9355 -0.2814 -0.2135
vn -0.7695 -0.1767 -0.6137
vn -0.7502 -0.2814 -0.5983
vn -0.4271 -0.1767 -0.8868
vn -0.4164 -0.2814 -0.8645
vn -0.0000 -0.1767 -0.9843
vn -0.9562 0.1952 -0.2182
vn -0.7668 -0.1952 -0.6115
vn -0.9562 -0.1952 -0.2182
vn -0.7668 0.1952 -0.6115
vn -0.4255 -0.1952 -0.8836
vn -0.0995 0.9733 0.2066
vn -0.4255 0.1952 -0.8836
vn -0.1022 -0.9719 0.2122
vn -0.0207 -0.9989 0.0430
vn -0.7668 0.1952 0.6115
vn -0.9562 -0.1952 0.2182
vn -0.7668 -0.1952 0.6115
vn -0.9562 0.1952 0.2182
vn -0.2296 -0.9719 -0.0524
vn -0.0374 -0.9989 -0.0298
vn -0.0466 -0.9989 -0.0106
vn -0.1841 -0.9719 -0.1468
vn -0.0207 -0.9989 -0.0430
vn -0.1022 -0.9719 -0.2122
vn -0.0000 -0.9989 -0.0478
vn -0.4255 0.1952 0.8836
vn -0.4255 -0.1952 0.8836
vn -0.1841 -0.9719 0.1468
vn -0.0374 -0.9989 0.0298
vn -0.2296 -0.9719 0.0524
vn -0.0466 -0.9989 0.0106
vn -0.4285 0.1576 0.8897
vn -0.1793 0.9733 0.1430
vn -0.7721 0.1576 0.6157
vn -0.2236 0.9733 0.0510
vn -0.9627 0.1576 0.2197
vn -0.2236 0.9733 -0.0510
vn -0.9627 0.1576 -0.2197
vn -0.1793 0.9733 -0.1430
vn -0.4285 0.1576 -0.8897
vn -0.0995 0.9733 -0.2066
vn -0.0000 0.1576 -0.9875
vn -0.3146 -0.6887 0.6532
vn -0.5668 -0.6887 0.4520
vn -0.7068 -0.6887 0.1613
vn -0.7068 -0.6887 -0.1613
vn -0.5669 -0.6887 -0.4520
vn -0.3146 -0.6887 -0.6532
vn -0.3146 0.6887 0.6532
vn -0.5668 0.6887 0.4520
vn -0.7068 0.6887 0.1613
vn -0.7068 0.6887 -0.1613
vn -0.5668 0.6887 -0.4520
vn -0.3146 0.6887 -0.6532
vn -0.9403 0.2640 -0.2146
vn -0.7526 -0.2707 -0.6002
vn -0.9385 -0.2707 -0.2142
vn -0.7541 0.2640 -0.6014
vn -0.4177 -0.2707 -0.8673
vn -0.4185 0.2640 -0.8690
vn -0.4177 -0.2707 0.8673
vn -0.4185 0.2640 0.8690
vn -0.7526 -0.2707 0.6002
vn -0.7541 0.2640 0.6014
vn -0.9385 -0.2707 0.2142
vn -0.9403 0.2640 0.2146
vn -0.2809 0.7621 0.5834
vn -0.2454 0.9495 0.1957
vn -0.5062 0.7621 0.4037
vn -0.6312 0.7621 0.1441
vn -0.3060 0.9495 0.0698
vn -0.3060 0.9495 -0.0698
vn -0.6312 0.7621 -0.1441
vn -0.2454 0.9495 -0.1957
vn -0.5062 0.7621 -0.4037
vn -0.2809 0.7621 -0.5833
vn -0.1362 0.9495 -0.2828
vn -0.0000 0.9495 -0.3139
vn -0.6198 -0.7719 -0.1415
vn -0.6198 -0.7719 0.1415
vn -0.4970 -0.7719 0.3964
vn -0.2758 -0.7719 0.5728
vn -0.2758 -0.7719 -0.5728
vn -0.4970 -0.7719 -0.3964
vn -0.7721 0.1575 -0.6157
vn -0.1362 0.9495 0.2828
vn -0.7815 -0.0307 -0.6232
vn -0.7818 -0.0000 0.6235
vn -0.9749 -0.0000 0.2225
vn -0.7818 -0.0000 -0.6235
vn -0.4339 -0.0000 -0.9010
vn -0.9749 -0.0000 -0.2225
vn -0.4339 -0.0000 0.9010
vn -0.4339 -0.0005 0.9010
vn -0.3984 -0.8604 0.3177
vn -0.2211 -0.8604 0.4591
vn -0.9749 -0.0005 0.2225
vn -0.4968 -0.8604 0.1134
vn -0.4968 -0.8604 -0.1134
vn -0.7818 -0.0005 -0.6235
vn -0.3984 -0.8604 -0.3177
vn -0.4339 -0.0005 -0.9010
vn -0.2211 -0.8604 -0.4591
vn -0.0000 -0.8604 -0.5096
vn -0.4978 0.8598 -0.1136
vn -0.9749 -0.0005 -0.2225
vn -0.3992 0.8598 -0.3183
vn -0.2215 0.8598 -0.4600
vn -0.2215 0.8598 0.4600
vn -0.3992 0.8598 0.3184
vn -0.7818 -0.0005 0.6235
vn -0.4978 0.8598 0.1136
vn -0.2195 0.8626 0.4558
vn -0.0000 0.9839 0.1789
vn -0.0776 0.9839 0.1612
vn -0.3955 0.8626 -0.3154
vn -0.0776 0.9839 -0.1612
vn -0.2195 0.8626 -0.4558
vn 0.4932 0.8626 0.1126
vn 0.1399 0.9839 0.1116
vn 0.3955 0.8626 0.3154
vn 0.4932 0.8626 -0.1126
vn 0.1745 0.9839 0.0398
vn -0.3955 0.8626 0.3154
vn -0.1399 0.9839 0.1116
vn 0.3955 0.8626 -0.3154
vn 0.1745 0.9839 -0.0398
vn -0.0000 -0.4428 0.8966
vn 0.4273 -0.1739 0.8872
vn -0.0000 -0.1739 0.9848
vn 0.0776 0.9839 -0.1612
vn 0.1399 0.9839 -0.1116
vn -0.1745 0.9839 0.0398
vn -0.4932 0.8626 0.1126
vn 0.2195 0.8626 -0.4558
vn -0.0000 0.9839 -0.1789
vn -0.4932 0.8626 -0.1126
vn -0.1745 0.9839 -0.0398
vn -0.0000 0.8626 -0.5059
vn -0.1399 0.9839 -0.1116
vn -0.8741 -0.4428 -0.1995
vn -0.7699 -0.1739 -0.6140
vn -0.7010 -0.4428 -0.5590
vn 0.8741 -0.4428 -0.1995
vn 0.7699 -0.1739 -0.6140
vn 0.9601 -0.1739 -0.2191
vn -0.3890 -0.4428 -0.8078
vn -0.4273 -0.1739 -0.8872
vn 0.3890 -0.4428 -0.8078
vn 0.7010 -0.4428 -0.5590
vn -0.0000 -0.4428 -0.8966
vn -0.0000 -0.1739 -0.9848
vn 0.4273 -0.1739 -0.8872
vn 0.2195 0.8626 0.4558
vn 0.0776 0.9839 0.1612
vn -0.4273 -0.1739 0.8872
vn -0.3890 -0.4428 0.8078
vn -0.7699 -0.1739 0.6140
vn -0.7010 -0.4428 0.5590
vn 0.3890 -0.4428 0.8078
vn 0.7699 -0.1739 0.6140
vn -0.9601 -0.1739 0.2191
vn -0.8741 -0.4428 0.1995
vn 0.7010 -0.4428 0.5590
vn 0.9601 -0.1739 0.2191
vn -0.9601 -0.1739 -0.2191
vn 0.8741 -0.4428 0.1995
vn -0.0000 0.4006 0.9163
vn 0.3976 0.4006 0.8255
vn 0.7164 0.4006 0.5713
vn 0.8933 0.4006 0.2039
vn 0.8933 0.4006 -0.2039
vn 0.7164 0.4006 -0.5713
vn 0.3976 0.4006 -0.8255
vn -0.0000 0.4006 -0.9163
vn -0.3975 0.4006 0.8255
vn -0.0000 0.8626 0.5059
vn -0.7164 0.4006 0.5713
vn -0.8933 0.4006 0.2039
vn -0.8933 0.4006 -0.2039
vn -0.7164 0.4006 -0.5713
vn -0.3976 0.4006 -0.8255
vn 0.9638 -0.1509 0.2200
vn 0.7721 0.1571 0.6157
vn 0.7729 -0.1509 0.6163
vn -0.9638 -0.1509 0.2200
vn -0.9628 0.1571 -0.2197
vn -0.9638 -0.1509 -0.2200
vn 0.9638 -0.1509 -0.2200
vn 0.9628 0.1571 0.2198
vn -0.7721 0.1571 -0.6157
vn -0.7729 -0.1509 -0.6163
vn 0.7729 -0.1509 -0.6164
vn 0.9628 0.1571 -0.2198
vn -0.4285 0.1571 -0.8898
vn -0.4289 -0.1509 -0.8906
vn 0.4289 -0.1509 -0.8907
vn 0.7721 0.1571 -0.6158
vn 0.2080 0.9639 0.1659
vn -0.0000 1.0000 -0.0000
vn 0.1155 0.9639 0.2397
vn -0.0000 -0.1509 -0.9885
vn 0.4285 0.1571 -0.8898
vn -0.4289 -0.1509 0.8907
vn -0.7721 0.1571 0.6157
vn -0.7729 -0.1509 0.6164
vn -0.0000 0.1571 -0.9876
vn 0.0521 -0.9928 0.1081
vn -0.0000 -0.9313 0.3643
vn -0.0000 -0.9928 0.1200
vn -0.0000 -0.1509 0.9885
vn -0.4285 0.1571 0.8898
vn -0.9628 0.1571 0.2198
vn -0.0938 -0.9928 -0.0748
vn -0.3552 -0.9313 -0.0811
vn -0.2848 -0.9313 -0.2271
vn 0.1170 -0.9928 -0.0267
vn 0.2848 -0.9313 -0.2271
vn 0.3552 -0.9313 -0.0811
vn -0.1581 -0.9313 -0.3282
vn -0.0521 -0.9928 -0.1081
vn 0.0938 -0.9928 -0.0748
vn 0.1581 -0.9313 -0.3282
vn -0.0000 -0.9928 -0.1200
vn -0.0000 -0.9313 -0.3643
vn 0.0521 -0.9928 -0.1081
vn 0.4285 0.1571 0.8898
vn 0.4289 -0.1509 0.8906
vn -0.1581 -0.9313 0.3282
vn -0.0521 -0.9928 0.1081
vn -0.2848 -0.9313 0.2271
vn -0.0938 -0.9928 0.0748
vn 0.0938 -0.9928 0.0748
vn 0.1581 -0.9313 0.3282
vn -0.1170 -0.9928 0.0267
vn -0.3552 -0.9313 0.0811
vn 0.1170 -0.9928 0.0267
vn 0.2848 -0.9313 0.2271
vn -0.1170 -0.9928 -0.0267
vn 0.3552 -0.9313 0.0811
vn -0.0000 -0.5881 0.8088
vn 0.3509 -0.5881 0.7287
vn 0.6323 -0.5881 0.5042
vn 0.7885 -0.5881 0.1800
vn 0.7885 -0.5881 -0.1800
vn 0.6323 -0.5881 -0.5043
vn 0.3509 -0.5881 -0.7287
vn -0.0000 -0.5881 -0.8088
vn -0.3509 -0.5881 0.7287
vn -0.6323 -0.5881 0.5043
vn -0.7885 -0.5881 0.1800
vn -0.7885 -0.5881 -0.1800
vn -0.6323 -0.5881 -0.5042
vn -0.3509 -0.5881 -0.7287
vn -0.0000 0.9639 0.2661
vn 0.3383 0.6261 0.7025
vn -0.0000 0.1571 0.9876
vn 0.6096 0.6261 0.4861
vn 0.2594 0.9639 0.0592
vn 0.7602 0.6261 0.1735
vn 0.7602 0.6261 -0.1735
vn 0.2594 0.9639 -0.0592
vn 0.6096 0.6261 -0.4861
vn 0.2080 0.9639 -0.1659
vn 0.3383 0.6261 -0.7025
vn 0.1155 0.9639 -0.2397
vn -0.0000 0.6261 -0.7797
vn -0.0000 0.9639 -0.2661
vn -0.0000 0.6261 0.7797
vn -0.3383 0.6261 0.7025
vn -0.1155 0.9639 0.2397
vn -0.6096 0.6261 0.4861
vn -0.2080 0.9639 0.1659
vn -0.7602 0.6261 0.1735
vn -0.2594 0.9639 0.0592
vn -0.7602 0.6261 -0.1735
vn -0.2594 0.9639 -0.0592
vn -0.6096 0.6261 -0.4861
vn -0.2080 0.9639 -0.1659
vn -0.3383 0.6261 -0.7025
vn -0.1155 0.9639 -0.2397
vn -0.9729 0.2312 -0.0000
vn 0.9729 0.2312 -0.0000
vn -0.9639 -0.2663 -0.0000
vn 0.3640 0.2971 -0.8827
vn 0.9025 -0.2154 -0.3728
vn 0.3758 -0.2106 -0.9025
vn 0.9639 -0.2663 -0.0000
vn -0.9999 0.0127 -0.0000
vn 0.9999 0.0127 -0.0000
vn -1.0000 -0.0000 -0.0000
vn 1.0000 -0.0000 -0.0000
vn 0.2391 0.9710 -0.0000
vn -0.2391 0.9710 -0.0000
vn 0.2391 -0.9710 -0.0000
vn -0.2391 -0.9710 -0.0000
vn 0.8830 0.2931 0.3666
vn 0.9025 -0.2154 0.3728
vn -0.8830 0.2931 -0.3666
vn -0.3758 -0.2106 -0.9025
vn -0.9025 -0.2155 -0.3728
vn -0.3640 0.2971 0.8827
vn -0.9025 -0.2155 0.3728
vn -0.3758 -0.2106 0.9025
vn 0.3758 -0.2106 0.9025
vn 0.4902 0.8480 -0.2013
vn 0.4902 0.8480 0.2013
vn 0.2040 0.8508 -0.4843
vn 0.8830 0.2931 -0.3666
vn 0.2040 0.8508 0.4843
vn -0.2040 0.8508 -0.4843
vn -0.4902 0.8481 -0.2013
vn -0.2040 0.8508 0.4843
vn -0.8830 0.2931 0.3666
vn 0.3640 0.2971 0.8827
vn -0.4902 0.8481 0.2013
vn -0.3640 0.2971 -0.8827
vn 0.8279 -0.4417 0.3457
vn -0.8279 -0.4417 0.3457
vn -0.8279 -0.4417 -0.3457
vn -0.3404 -0.4317 0.8353
vn 0.3404 -0.4317 -0.8353
vn -0.3404 -0.4317 -0.8353
vn 0.8279 -0.4417 -0.3457
vn -0.0000 0.8896 -0.4567
vn 0.3060 0.9495 0.0698
vn -0.0000 0.8598 -0.5106
vn 0.3404 -0.4317 0.8353
vt 0.255662 0.736452
vt 0.285177 0.732412
vt 0.285167 0.736652
vt 0.606438 0.736708
vt 0.635829 0.731782
vt 0.635899 0.736596
vt 0.580229 0.737205
vt 0.606332 0.732521
vt 0.366543 0.727307
vt 0.339259 0.715594
vt 0.366509 0.716301
vt 0.554581 0.737475
vt 0.580134 0.733142
vt 0.312061 0.732576
vt 0.312055 0.736803
vt 0.339118 0.732841
vt 0.339087 0.737105
vt 0.339007 0.743147
vt 0.312007 0.742787
vt 0.285151 0.742601
vt 0.256612 0.743159
vt 0.634989 0.743387
vt 0.606418 0.742634
vt 0.580299 0.742853
vt 0.554645 0.743271
vt 0.312093 0.726851
vt 0.339190 0.726924
vt 0.256943 0.725129
vt 0.285812 0.715961
vt 0.285301 0.726479
vt 0.634659 0.725167
vt 0.605628 0.716062
vt 0.631709 0.714233
vt 0.580010 0.727518
vt 0.606116 0.726840
vt 0.554480 0.727799
vt 0.579884 0.717187
vt 0.312273 0.716069
vt 0.366265 0.743620
vt 0.339747 0.752554
vt 0.579515 0.751792
vt 0.554741 0.751453
vt 0.605672 0.752046
vt 0.632277 0.753537
vt 0.285467 0.752602
vt 0.258749 0.753312
vt 0.312469 0.752426
vt 0.255761 0.731622
vt 0.366437 0.733258
vt 0.366367 0.737546
vt 0.410882 0.363373
vt 0.433168 0.376733
vt 0.430941 0.379326
vt 0.388580 0.349155
vt 0.412890 0.360522
vt 0.117333 0.372516
vt 0.140537 0.351931
vt 0.142613 0.355369
vt 0.167112 0.338377
vt 0.168711 0.341903
vt 0.091558 0.394921
vt 0.114811 0.369227
vt 0.453282 0.395841
vt 0.450656 0.398553
vt 0.400951 0.377575
vt 0.427554 0.383126
vt 0.419843 0.391569
vt 0.385927 0.353922
vt 0.407811 0.367684
vt 0.176779 0.359405
vt 0.196920 0.337071
vt 0.200870 0.348841
vt 0.145736 0.360594
vt 0.171122 0.347266
vt 0.129990 0.388465
vt 0.152632 0.371790
vt 0.109317 0.408223
vt 0.121300 0.377605
vt 0.445779 0.401919
vt 0.435571 0.408282
vt 0.195207 0.331822
vt 0.097118 0.399287
vt 0.164364 0.332279
vt 0.194041 0.328232
vt 0.136996 0.345961
vt 0.110374 0.363299
vt 0.088515 0.391347
vt 0.084751 0.384645
vt 0.456748 0.390385
vt 0.436865 0.372419
vt 0.416367 0.355621
vt 0.393336 0.340588
vt 0.793336 0.271906
vt 0.821239 0.265539
vt 0.821235 0.329847
vt 0.849141 0.271909
vt 0.871515 0.289755
vt 0.883932 0.315541
vt 0.883930 0.344161
vt 0.758540 0.315534
vt 0.770959 0.289749
vt 0.843874 0.510103
vt 0.822188 0.501293
vt 0.824819 0.495166
vt 0.800521 0.630782
vt 0.778405 0.623082
vt 0.800297 0.624040
vt 0.801951 0.487387
vt 0.780040 0.494658
vt 0.778671 0.487612
vt 0.823911 0.623697
vt 0.838949 0.604791
vt 0.843710 0.609339
vt 0.801748 0.494312
vt 0.776042 0.629701
vt 0.758017 0.614747
vt 0.821170 0.617687
vt 0.819101 0.613529
vt 0.835530 0.601585
vt 0.839240 0.514766
vt 0.819989 0.505329
vt 0.801028 0.498881
vt 0.109509 0.158329
vt 0.108472 0.187415
vt 0.094100 0.167584
vt 0.134547 0.175159
vt 0.128681 0.198644
vt 0.120859 0.180568
vt 0.149006 0.171083
vt 0.140706 0.194720
vt 0.163863 0.167936
vt 0.153688 0.191544
vt 0.780931 0.499221
vt 0.760543 0.610763
vt 0.779410 0.618499
vt 0.799710 0.619403
vt 0.284737 0.178466
vt 0.264970 0.193844
vt 0.270643 0.173733
vt 0.297684 0.184470
vt 0.277643 0.197431
vt 0.309410 0.191438
vt 0.289442 0.201731
vt 0.300144 0.206660
vt 0.282125 0.223082
vt 0.125237 0.222822
vt 0.117558 0.203390
vt 0.146409 0.218417
vt 0.135358 0.220433
vt 0.259580 0.218648
vt 0.167200 0.189147
vt 0.158134 0.216525
vt 0.271162 0.220665
vt 0.125671 0.151352
vt 0.159592 0.142669
vt 0.142481 0.146113
vt 0.294506 0.155694
vt 0.278518 0.149552
vt 0.324026 0.173012
vt 0.309914 0.163397
vt 0.149504 0.256330
vt 0.170416 0.214992
vt 0.160715 0.256187
vt 0.255814 0.257904
vt 0.277680 0.258754
vt 0.266979 0.258328
vt 0.292127 0.225655
vt 0.128492 0.256474
vt 0.138684 0.256437
vt 0.267265 0.283116
vt 0.256339 0.302774
vt 0.255719 0.283582
vt 0.278358 0.282413
vt 0.268438 0.302399
vt 0.293101 0.299250
vt 0.280815 0.301350
vt 0.137110 0.280125
vt 0.121860 0.295991
vt 0.126611 0.278590
vt 0.148281 0.281165
vt 0.133769 0.298647
vt 0.159886 0.281807
vt 0.145927 0.300517
vt 0.170928 0.302601
vt 0.158336 0.301864
vt 0.657597 0.863209
vt 0.674179 0.871658
vt 0.672667 0.873649
vt 0.641667 0.854536
vt 0.658876 0.861109
vt 0.597344 0.503976
vt 0.581866 0.488469
vt 0.597343 0.484938
vt 0.625228 0.847486
vt 0.642721 0.852339
vt 0.510003 0.868757
vt 0.487546 0.865600
vt 0.504730 0.856964
vt 0.451832 0.885451
vt 0.467009 0.869964
vt 0.468571 0.872142
vt 0.689676 0.884632
vt 0.687841 0.886773
vt 0.649140 0.876512
vt 0.669919 0.877156
vt 0.662615 0.885605
vt 0.634581 0.869073
vt 0.655337 0.866911
vt 0.623739 0.851450
vt 0.639805 0.858359
vt 0.483886 0.859147
vt 0.485204 0.861462
vt 0.493820 0.876249
vt 0.471345 0.875933
vt 0.478814 0.885361
vt 0.455752 0.889027
vt 0.684053 0.889935
vt 0.673848 0.896542
vt 0.589090 0.521131
vt 0.581867 0.500446
vt 0.574212 0.533009
vt 0.576674 0.511239
vt 0.555505 0.537261
vt 0.567229 0.518752
vt 0.574077 0.533074
vt 0.536955 0.532979
vt 0.555546 0.521386
vt 0.534528 0.511205
vt 0.543875 0.518693
vt 0.513869 0.503909
vt 0.522096 0.521077
vt 0.503790 0.854806
vt 0.486356 0.863493
vt 0.469946 0.874035
vt 0.453640 0.887339
vt 0.686046 0.888482
vt 0.671325 0.875381
vt 0.656476 0.865043
vt 0.640739 0.856454
vt 0.624502 0.849450
vt 0.481460 0.854907
vt 0.500862 0.848099
vt 0.482712 0.857069
vt 0.465628 0.867992
vt 0.464170 0.865891
vt 0.449986 0.883082
vt 0.448574 0.880844
vt 0.691080 0.882611
vt 0.675516 0.869876
vt 0.692248 0.880346
vt 0.660031 0.859227
vt 0.676938 0.867997
vt 0.643671 0.850371
vt 0.661255 0.857273
vt 0.626056 0.845236
vt 0.626795 0.843211
vt 0.644681 0.848328
vt 0.501804 0.850275
vt 0.502865 0.852700
vt 0.033957 0.968315
vt 0.020199 0.970586
vt 0.020197 0.968174
vt 0.047713 0.968457
vt 0.033948 0.970710
vt 0.061346 0.968425
vt 0.047719 0.970849
vt 0.167472 0.967631
vt 0.154757 0.969669
vt 0.154775 0.967431
vt 0.180254 0.967827
vt 0.167452 0.969845
vt 0.194227 0.967766
vt 0.180244 0.970068
vt 0.005153 0.970699
vt 0.005166 0.967945
vt 0.180033 0.977885
vt 0.167420 0.971831
vt 0.180203 0.972059
vt 0.193898 0.972529
vt 0.020399 0.978674
vt 0.005474 0.973090
vt 0.020212 0.972712
vt 0.033937 0.978965
vt 0.033926 0.972835
vt 0.047705 0.979438
vt 0.047715 0.972977
vt 0.061390 0.972895
vt 0.020230 0.966189
vt 0.005477 0.965753
vt 0.180260 0.965983
vt 0.167500 0.965791
vt 0.154794 0.965611
vt 0.061335 0.966468
vt 0.047721 0.966492
vt 0.033974 0.966346
vt 0.154752 0.971636
vt 0.020353 0.960389
vt 0.033919 0.960674
vt 0.047647 0.960833
vt 0.154784 0.960275
vt 0.167473 0.960546
vt 0.180128 0.960831
vt 0.193947 0.965721
vt 0.006961 0.959919
vt 0.167411 0.977493
vt 0.154766 0.977100
vt 0.061368 0.970780
vt 0.194211 0.970323
vt 0.172311 0.256053
vt 0.287866 0.259076
vt 0.930889 0.002980
vt 0.938325 0.014782
vt 0.930889 0.014782
vt 0.930889 0.132799
vt 0.938325 0.144601
vt 0.930889 0.144601
vt 0.930889 0.156403
vt 0.938325 0.168204
vt 0.930889 0.168204
vt 0.938325 0.026584
vt 0.930889 0.026584
vt 0.930889 0.120998
vt 0.938325 0.132799
vt 0.938325 0.038385
vt 0.930889 0.038385
vt 0.938325 0.156403
vt 0.498178 0.768566
vt 0.509466 0.765626
vt 0.509463 0.768262
vt 0.484778 0.765471
vt 0.498165 0.765402
vt 0.652287 0.769251
vt 0.639330 0.765831
vt 0.653036 0.765573
vt 0.627272 0.769097
vt 0.639330 0.768864
vt 0.615987 0.765964
vt 0.627245 0.765849
vt 0.615930 0.768704
vt 0.606107 0.765975
vt 0.519946 0.768456
vt 0.520024 0.765613
vt 0.639228 0.762567
vt 0.627166 0.762831
vt 0.615923 0.763241
vt 0.509544 0.762791
vt 0.520027 0.762984
vt 0.498249 0.762291
vt 0.485510 0.761872
vt 0.652229 0.761913
vt 0.449106 0.734184
vt 0.476179 0.738208
vt 0.449083 0.738476
vt 0.476177 0.733993
vt 0.502767 0.737965
vt 0.502765 0.733833
vt 0.528930 0.737734
vt 0.393918 0.727699
vt 0.528920 0.733657
vt 0.421444 0.733959
vt 0.421379 0.738294
vt 0.393834 0.733683
vt 0.393750 0.738000
vt 0.421318 0.744571
vt 0.449109 0.744581
vt 0.476259 0.744183
vt 0.502838 0.743822
vt 0.393786 0.716650
vt 0.421505 0.727947
vt 0.449050 0.717142
vt 0.476158 0.728274
vt 0.449132 0.728114
vt 0.502672 0.716992
vt 0.502729 0.727973
vt 0.528915 0.728126
vt 0.528835 0.717698
vt 0.421349 0.716840
vt 0.392544 0.753665
vt 0.393652 0.744134
vt 0.529988 0.752375
vt 0.528994 0.743407
vt 0.503554 0.753272
vt 0.476570 0.754050
vt 0.448945 0.755049
vt 0.420626 0.754541
vt 0.554541 0.733464
vt 0.338369 0.324666
vt 0.364092 0.337433
vt 0.337322 0.328363
vt 0.365530 0.334002
vt 0.249895 0.316712
vt 0.279672 0.319522
vt 0.250206 0.320591
vt 0.221303 0.320999
vt 0.222036 0.324702
vt 0.279821 0.315574
vt 0.308932 0.322385
vt 0.309543 0.318508
vt 0.332430 0.347049
vt 0.361997 0.342666
vt 0.357729 0.354093
vt 0.380345 0.364638
vt 0.225712 0.342813
vt 0.223175 0.330314
vt 0.251903 0.339888
vt 0.279496 0.325681
vt 0.279177 0.338583
vt 0.306249 0.341206
vt 0.308067 0.328088
vt 0.250736 0.326480
vt 0.335746 0.334172
vt 0.192017 0.322056
vt 0.220018 0.314918
vt 0.249277 0.310018
vt 0.280032 0.308417
vt 0.310548 0.311795
vt 0.340089 0.318245
vt 0.367939 0.328035
vt 0.390337 0.346028
vt 0.770955 0.369940
vt 0.793330 0.387785
vt 0.821232 0.394155
vt 0.849134 0.387788
vt 0.871511 0.369945
vt 0.758539 0.344154
vt 0.743097 0.516912
vt 0.725882 0.533614
vt 0.738265 0.512124
vt 0.724986 0.582831
vt 0.741692 0.599792
vt 0.736668 0.604810
vt 0.756876 0.496130
vt 0.728007 0.558019
vt 0.721280 0.558136
vt 0.759691 0.502539
vt 0.754123 0.620901
vt 0.731291 0.580095
vt 0.732142 0.536145
vt 0.732773 0.558112
vt 0.736593 0.537780
vt 0.746738 0.519897
vt 0.225348 0.165534
vt 0.210022 0.138993
vt 0.227154 0.139667
vt 0.209472 0.186645
vt 0.194435 0.164854
vt 0.209869 0.164746
vt 0.181039 0.187506
vt 0.179055 0.165750
vt 0.762101 0.506537
vt 0.745444 0.596901
vt 0.735847 0.578605
vt 0.251562 0.191037
vt 0.255897 0.170102
vt 0.240748 0.167288
vt 0.237797 0.188831
vt 0.234899 0.215332
vt 0.223715 0.187373
vt 0.222052 0.214316
vt 0.209053 0.213760
vt 0.195186 0.186616
vt 0.196036 0.213679
vt 0.183104 0.214159
vt 0.247455 0.216787
vt 0.193094 0.139345
vt 0.176404 0.140625
vt 0.261745 0.144731
vt 0.244429 0.141511
vt 0.184189 0.256042
vt 0.244282 0.257395
vt 0.232471 0.256916
vt 0.220468 0.256515
vt 0.208362 0.256216
vt 0.243990 0.283549
vt 0.244414 0.303053
vt 0.232110 0.283464
vt 0.232390 0.303204
vt 0.220108 0.283347
vt 0.220279 0.303271
vt 0.208014 0.283207
vt 0.208080 0.303271
vt 0.195892 0.283037
vt 0.195795 0.303194
vt 0.183783 0.282788
vt 0.183415 0.302998
vt 0.171724 0.282398
vt 0.573871 0.835217
vt 0.591081 0.838856
vt 0.573823 0.837556
vt 0.591406 0.836514
vt 0.608363 0.842236
vt 0.589086 0.467784
vt 0.608956 0.839927
vt 0.522337 0.850105
vt 0.526032 0.861633
vt 0.538428 0.838597
vt 0.556573 0.838302
vt 0.538920 0.841015
vt 0.556354 0.835934
vt 0.573762 0.841669
vt 0.589260 0.854003
vt 0.573623 0.852226
vt 0.590499 0.843019
vt 0.604879 0.857241
vt 0.607309 0.846305
vt 0.620000 0.862162
vt 0.520149 0.843363
vt 0.520924 0.845809
vt 0.539838 0.845261
vt 0.542105 0.856647
vt 0.557010 0.842427
vt 0.558002 0.853568
vt 0.576672 0.477677
vt 0.574207 0.455907
vt 0.567311 0.470206
vt 0.555649 0.451658
vt 0.555636 0.467533
vt 0.537084 0.455877
vt 0.543957 0.470187
vt 0.522186 0.467730
vt 0.529372 0.488427
vt 0.513901 0.484871
vt 0.529352 0.500404
vt 0.521629 0.847935
vt 0.539379 0.843117
vt 0.556788 0.840375
vt 0.573782 0.839595
vt 0.590794 0.840896
vt 0.607845 0.844253
vt 0.519462 0.841165
vt 0.499857 0.845838
vt 0.518725 0.838876
vt 0.537996 0.836426
vt 0.537527 0.834161
vt 0.556162 0.833808
vt 0.555942 0.831590
vt 0.573908 0.833115
vt 0.591981 0.832143
vt 0.591685 0.834412
vt 0.609476 0.837849
vt 0.609998 0.835672
vt 0.101961 0.970140
vt 0.088276 0.968035
vt 0.101944 0.967783
vt 0.088302 0.970409
vt 0.074759 0.968242
vt 0.074778 0.970591
vt 0.141832 0.967414
vt 0.141833 0.969703
vt 0.128537 0.967570
vt 0.128548 0.969884
vt 0.115316 0.967678
vt 0.115322 0.969996
vt 0.141855 0.971731
vt 0.128616 0.978154
vt 0.128570 0.971939
vt 0.115351 0.972054
vt 0.115382 0.977749
vt 0.102051 0.978299
vt 0.101996 0.972251
vt 0.088389 0.978875
vt 0.088333 0.972497
vt 0.074810 0.972677
vt 0.074836 0.978455
vt 0.061412 0.978971
vt 0.101923 0.965842
vt 0.115302 0.965772
vt 0.128519 0.965669
vt 0.141830 0.965530
vt 0.074731 0.966311
vt 0.088240 0.966083
vt 0.101908 0.959986
vt 0.088245 0.960435
vt 0.074751 0.960737
vt 0.061313 0.961118
vt 0.141824 0.959838
vt 0.128539 0.960181
vt 0.115333 0.960496
vt 0.141893 0.977592
vt 0.196227 0.256139
vt 0.938325 0.061989
vt 0.930889 0.073791
vt 0.930889 0.061989
vt 0.938325 0.097394
vt 0.930889 0.109196
vt 0.930889 0.097394
vt 0.938325 0.073791
vt 0.930889 0.085592
vt 0.938325 0.050187
vt 0.930889 0.050187
vt 0.938325 0.109196
vt 0.938325 0.085592
vt 0.531345 0.765807
vt 0.544284 0.769517
vt 0.531254 0.768962
vt 0.558135 0.766008
vt 0.558124 0.769359
vt 0.571963 0.769604
vt 0.584926 0.765985
vt 0.584996 0.769133
vt 0.596226 0.765981
vt 0.596289 0.768716
vt 0.606108 0.768370
vt 0.572069 0.762401
vt 0.571987 0.765877
vt 0.584995 0.762855
vt 0.596285 0.763253
vt 0.531297 0.762683
vt 0.544225 0.762313
vt 0.544284 0.765788
vt 0.558147 0.762137
vt 0.447086 0.490968
vt 0.419922 0.490576
vt 0.421553 0.486607
vt 0.410973 0.449267
vt 0.407479 0.476208
vt 0.395813 0.453081
vt 0.399179 0.518319
vt 0.412650 0.494728
vt 0.414651 0.520553
vt 0.383736 0.506908
vt 0.407479 0.493707
vt 0.395813 0.516833
vt 0.446280 0.475356
vt 0.421332 0.482322
vt 0.377057 0.492774
vt 0.404164 0.490983
vt 0.860531 0.458064
vt 0.884974 0.433562
vt 0.890286 0.448687
vt 0.402331 0.482812
vt 0.402331 0.487103
vt 0.419301 0.478542
vt 0.438882 0.461585
vt 0.377057 0.477141
vt 0.404164 0.478932
vt 0.426309 0.452295
vt 0.415850 0.475992
vt 0.383736 0.463007
vt 0.411641 0.475161
vt 0.869465 0.509673
vt 0.899135 0.525103
vt 0.869280 0.522804
vt 0.850680 0.585846
vt 0.883785 0.586326
vt 0.877320 0.600862
vt 0.867270 0.535903
vt 0.897357 0.540955
vt 0.860844 0.562019
vt 0.856579 0.574382
vt 0.864154 0.549016
vt 0.894142 0.556632
vt 0.889505 0.571704
vt 0.429595 0.515962
vt 0.416752 0.493468
vt 0.894268 0.463725
vt 0.864559 0.470915
vt 0.897071 0.478962
vt 0.867515 0.483771
vt 0.856278 0.445198
vt 0.878406 0.418085
vt 0.898960 0.494256
vt 0.869396 0.496614
vt 0.850830 0.432876
vt 0.870622 0.400937
vt 0.899691 0.509529
vt 0.869580 0.616869
vt 0.843792 0.596723
vt 0.895482 0.429590
vt 0.894879 0.447246
vt 0.889620 0.431744
vt 0.889277 0.413513
vt 0.883170 0.415978
vt 0.876123 0.398727
vt 0.882752 0.397204
vt 0.881173 0.620638
vt 0.881826 0.602831
vt 0.887227 0.605105
vt 0.874716 0.619087
vt 0.893742 0.590400
vt 0.888239 0.588127
vt 0.899769 0.575228
vt 0.894063 0.573238
vt 0.904836 0.559363
vt 0.898864 0.557798
vt 0.898901 0.462626
vt 0.900672 0.445539
vt 0.904489 0.461361
vt 0.901758 0.478241
vt 0.907870 0.477314
vt 0.903643 0.493870
vt 0.909280 0.493430
vt 0.904396 0.509425
vt 0.910309 0.509338
vt 0.903970 0.525376
vt 0.910079 0.525755
vt 0.902208 0.541669
vt 0.908636 0.542684
vt 0.441144 0.505427
vt 0.545197 0.178774
vt 0.540041 0.185148
vt 0.538725 0.182845
vt 0.511114 0.193361
vt 0.505310 0.196305
vt 0.505172 0.193902
vt 0.466464 0.185324
vt 0.456262 0.184416
vt 0.458137 0.180724
vt 0.499117 0.196383
vt 0.499164 0.193946
vt 0.473559 0.188474
vt 0.465135 0.188317
vt 0.492740 0.195992
vt 0.492994 0.193482
vt 0.480267 0.190818
vt 0.472550 0.191247
vt 0.028418 0.048999
vt 0.019627 0.048764
vt 0.025903 0.043767
vt 0.486712 0.192477
vt 0.479525 0.193459
vt 0.522460 0.190687
vt 0.517474 0.194565
vt 0.516910 0.192289
vt 0.486221 0.195040
vt 0.528436 0.177803
vt 0.525560 0.183532
vt 0.524109 0.180249
vt 0.527848 0.188606
vt 0.523224 0.192882
vt 0.511458 0.195733
vt 0.499631 0.184118
vt 0.504943 0.188172
vt 0.499386 0.188083
vt 0.473119 0.174895
vt 0.476396 0.182115
vt 0.470378 0.178674
vt 0.493747 0.187537
vt 0.494294 0.183844
vt 0.478313 0.178152
vt 0.482283 0.184617
vt 0.489027 0.182516
vt 0.488083 0.186415
vt 0.483666 0.180646
vt 0.534315 0.188131
vt 0.533184 0.185989
vt 0.520677 0.185549
vt 0.519617 0.182166
vt 0.515642 0.186911
vt 0.514982 0.183541
vt 0.532509 0.174762
vt 0.530313 0.180971
vt 0.509963 0.183966
vt 0.510374 0.187749
vt 0.536000 0.170868
vt 0.535008 0.177712
vt 0.504871 0.184563
vt 0.464542 0.173733
vt 0.468524 0.170851
vt 0.526674 0.185988
vt 0.531723 0.183384
vt 0.536887 0.180136
vt 0.542631 0.175451
vt 0.539666 0.173074
vt 0.468355 0.181814
vt 0.461219 0.176601
vt 0.474985 0.185159
vt 0.481261 0.187606
vt 0.487394 0.189350
vt 0.521514 0.187995
vt 0.516238 0.189508
vt 0.510739 0.190459
vt 0.505074 0.190951
vt 0.499277 0.190937
vt 0.493384 0.190410
vt 0.531044 0.196279
vt 0.535625 0.190882
vt 0.536839 0.193613
vt 0.528799 0.190736
vt 0.541401 0.188091
vt 0.542534 0.190829
vt 0.548729 0.188714
vt 0.548187 0.185315
vt 0.546768 0.181652
vt 0.454307 0.193732
vt 0.463771 0.192141
vt 0.462562 0.195918
vt 0.454717 0.189252
vt 0.471412 0.194762
vt 0.470270 0.198290
vt 0.478616 0.196840
vt 0.477704 0.200259
vt 0.485605 0.198335
vt 0.484967 0.201678
vt 0.529952 0.193488
vt 0.524170 0.195712
vt 0.525077 0.198594
vt 0.518185 0.197499
vt 0.518885 0.200508
vt 0.511891 0.198742
vt 0.512352 0.202006
vt 0.505500 0.199394
vt 0.505662 0.202351
vt 0.499066 0.199555
vt 0.498986 0.202723
vt 0.492416 0.199223
vt 0.492059 0.202494
vt 0.982320 0.086197
vt 0.991324 0.079337
vt 0.989635 0.086197
vt 0.025890 0.060034
vt 0.017873 0.056420
vt 0.019622 0.055027
vt 0.017880 0.047369
vt 0.021366 0.040143
vt 0.015707 0.038847
vt 0.013521 0.047365
vt 0.010046 0.040135
vt 0.002981 0.048980
vt 0.010799 0.053007
vt 0.002976 0.054786
vt 0.010028 0.063642
vt 0.011767 0.055021
vt 0.013514 0.056417
vt 0.028413 0.054805
vt 0.020593 0.053014
vt 0.015687 0.064938
vt 0.015693 0.056916
vt 0.015701 0.046870
vt 0.011772 0.048758
vt 0.010801 0.050771
vt 0.020595 0.050779
vt 0.021348 0.063650
vt 0.005504 0.043751
vt 0.005491 0.060018
vt 0.655061 0.023198
vt 0.647498 0.019689
vt 0.655061 0.019689
vt 0.989635 0.093770
vt 0.996993 0.084449
vt 0.957930 0.024576
vt 0.948926 0.031436
vt 0.950615 0.024576
vt 0.701357 0.006496
vt 0.693793 0.002988
vt 0.701357 0.002988
vt 0.950615 0.017003
vt 0.944284 0.026325
vt 0.944284 0.015254
vt 0.724423 0.049445
vt 0.730991 0.045937
vt 0.730991 0.049445
vt 0.982320 0.093770
vt 0.975989 0.084449
vt 0.754431 0.015848
vt 0.753842 0.015515
vt 0.754413 0.015459
vt 0.452501 0.003624
vt 0.462890 0.002988
vt 0.462208 0.003624
vt 0.462890 0.006496
vt 0.462208 0.005859
vt 0.451820 0.006496
vt 0.452501 0.005859
vt 0.950854 0.051832
vt 0.944286 0.048324
vt 0.950854 0.048324
vt 0.089440 0.006404
vt 0.099191 0.002986
vt 0.099234 0.006404
vt 0.034111 0.046961
vt 0.036347 0.043542
vt 0.036347 0.046961
vt 0.996978 0.023108
vt 0.994742 0.019689
vt 0.996978 0.019689
vt 0.451820 0.002988
vt 0.050027 0.017329
vt 0.046608 0.027080
vt 0.046608 0.017372
vt 0.965288 0.015254
vt 0.957930 0.017003
vt 0.993482 0.044700
vt 0.996990 0.034007
vt 0.996990 0.044700
vt 0.729127 0.039894
vt 0.718433 0.036386
vt 0.729127 0.036386
vt 0.128316 0.037510
vt 0.121251 0.034001
vt 0.128316 0.034001
vt 0.980630 0.100630
vt 0.948926 0.010143
vt 0.959619 0.010143
vt 0.944284 0.038774
vt 0.951349 0.042282
vt 0.944284 0.042282
vt 0.742165 0.036387
vt 0.735100 0.039896
vt 0.735100 0.036387
vt 0.957321 0.038770
vt 0.960829 0.045835
vt 0.957321 0.045835
vt 0.434776 0.006496
vt 0.439654 0.004487
vt 0.439654 0.004997
vt 0.753343 0.015991
vt 0.753271 0.015585
vt 0.755608 0.015855
vt 0.755055 0.015445
vt 0.755627 0.015458
vt 0.756773 0.016013
vt 0.756213 0.015506
vt 0.756846 0.015569
vt 0.434776 0.002988
vt 0.440602 0.004121
vt 0.440020 0.004121
vt 0.445846 0.002988
vt 0.440968 0.004997
vt 0.440968 0.004487
vt 0.440602 0.005363
vt 0.445846 0.006496
vt 0.440020 0.005363
vt 0.757702 0.015681
vt 0.995884 0.008884
vt 0.996089 0.008319
vt 0.996294 0.008884
vt 0.754440 0.016425
vt 0.753888 0.015903
vt 0.753090 0.016706
vt 0.753508 0.016502
vt 0.755075 0.016458
vt 0.755585 0.016414
vt 0.756578 0.016642
vt 0.756163 0.015918
vt 0.757579 0.016256
vt 0.757207 0.016861
vt 0.753956 0.016437
vt 0.756065 0.016502
vt 0.755054 0.015842
vt 0.752585 0.015680
vt 0.753208 0.015061
vt 0.752707 0.016192
vt 0.756264 0.014910
vt 0.755635 0.014918
vt 0.756907 0.015001
vt 0.754396 0.014936
vt 0.755044 0.014950
vt 0.753789 0.014956
vt 0.996593 0.008053
vt 0.996593 0.008584
vt 0.995585 0.008053
vt 0.995585 0.008584
vt 0.995884 0.007754
vt 0.996294 0.007754
vt 0.259842 0.714233
vt 0.554380 0.717936
vt 0.366080 0.752355
vt 0.835732 0.517794
vt 0.289121 0.281292
vt 0.466345 0.896529
vt 0.567314 0.518712
vt 0.447463 0.878467
vt 0.627542 0.841162
vt 0.192389 0.978376
vt 0.007158 0.979340
vt 0.192539 0.960322
vt 0.938325 0.002980
vt 0.938325 0.120998
vt 0.485458 0.768731
vt 0.606105 0.763584
vt 0.476122 0.717855
vt 0.534584 0.477643
vt 0.573940 0.830987
vt 0.408403 0.494115
vt 0.843792 0.421572
vt 0.980630 0.079337
vt 0.647498 0.023198
vt 0.996993 0.095519
vt 0.959619 0.031436
vt 0.693793 0.006496
vt 0.724423 0.045937
vt 0.975989 0.095519
vt 0.944286 0.051832
vt 0.089483 0.002986
vt 0.034111 0.043542
vt 0.994742 0.023108
vt 0.050027 0.027123
vt 0.965288 0.026325
vt 0.993482 0.034007
vt 0.718433 0.039894
vt 0.121251 0.037510
vt 0.991324 0.100630
vt 0.951349 0.038774
vt 0.742165 0.039896
vt 0.960829 0.038770
vt 0.752630 0.015101
vt 0.757623 0.015045
s 1
usemtl White.004
f 21/1/1 39/2/2 20/3/3
f 22/4/4 41/5/5 21/6/1
f 24/7/6 43/8/7 22/4/4
f 35/9/8 9/10/9 10/11/10
f 26/12/11 45/13/12 24/7/6
f 20/3/3 37/14/13 19/15/14
f 19/15/14 33/16/15 17/17/16
f 19/15/14 1/18/17 3/19/18
f 20/3/3 3/19/18 4/20/19
f 21/1/1 4/20/19 5/21/20
f 22/4/4 5/22/20 6/23/21
f 24/7/6 6/23/21 7/24/22
f 24/7/6 8/25/23 26/12/11
f 38/26/24 9/10/9 34/27/25
f 42/28/26 12/29/27 40/30/28
f 42/31/26 14/32/29 13/33/30
f 46/34/31 14/32/29 44/35/32
f 48/36/33 15/37/34 46/34/31
f 40/30/28 11/38/35 38/26/24
f 2/39/36 32/40/37 1/18/17
f 8/25/23 25/41/38 23/42/39
f 7/24/22 27/43/40 25/41/38
f 6/23/21 28/44/41 27/43/40
f 5/21/20 29/45/42 28/46/41
f 3/19/18 29/45/42 4/20/19
f 1/18/17 30/47/43 3/19/18
f 35/9/8 33/16/15 34/27/25
f 34/27/25 37/14/13 38/26/24
f 40/30/28 37/14/13 39/2/2
f 40/30/28 41/48/5 42/28/26
f 42/31/26 43/8/7 44/35/32
f 46/34/31 43/8/7 45/13/12
f 45/13/12 48/36/33 46/34/31
f 17/17/16 36/49/44 18/50/45
f 62/51/46 75/52/47 60/53/48
f 64/54/49 77/55/50 62/51/46
f 56/56/51 69/57/52 54/58/53
f 54/58/53 65/59/54 50/60/55
f 58/61/56 71/62/57 56/56/51
f 60/53/48 73/63/58 58/64/56
f 15/65/34 59/66/59 14/67/29
f 15/65/34 63/68/60 61/69/61
f 9/70/9 52/71/62 10/72/10
f 9/70/9 53/73/63 49/74/64
f 12/75/27 53/73/63 11/76/35
f 13/77/30 55/78/65 12/75/27
f 14/67/29 57/79/66 13/80/30
f 51/81/67 49/74/64 50/60/55
f 50/60/55 53/73/63 54/58/53
f 54/58/53 55/78/65 56/56/51
f 58/61/56 55/78/65 57/82/66
f 60/53/48 57/79/66 59/66/59
f 60/53/48 61/69/61 62/51/46
f 63/68/60 62/51/46 61/69/61
f 66/83/68 68/84/69 65/59/54
f 70/85/70 65/59/54 69/57/52
f 72/86/71 69/57/52 71/62/57
f 72/86/71 73/87/58 74/88/72
f 74/89/72 75/52/47 76/90/73
f 78/91/74 75/52/47 77/55/50
f 77/55/50 80/92/75 78/91/74
f 50/60/55 68/84/69 51/81/67
f 70/93/70 72/94/71 81/95/76
f 81/95/76 72/94/71 74/96/72
f 74/96/72 76/97/73 81/95/76
f 76/97/73 78/98/74 81/95/76
f 78/98/74 80/99/75 81/95/76
f 67/100/77 66/101/68 81/95/76
f 66/101/68 70/93/70 81/95/76
f 17/17/16 2/39/36 1/18/17
f 28/102/78 84/103/79 27/104/80
f 30/105/81 89/106/82 87/107/83
f 25/108/84 82/109/85 23/110/86
f 29/111/87 85/112/88 28/113/78
f 27/104/80 83/114/89 25/108/84
f 32/115/90 88/116/91 89/106/82
f 29/111/87 87/107/83 86/117/92
f 85/112/88 101/118/93 102/119/94
f 85/120/88 103/121/95 84/103/79
f 84/103/79 104/122/96 83/114/89
f 101/123/97 114/124/98 102/125/99
f 121/126/100 94/127/101 115/128/102
f 120/129/103 95/130/104 121/126/100
f 118/131/105 97/132/106 120/129/103
f 83/114/89 105/133/107 82/109/85
f 89/106/82 99/134/108 98/135/109
f 87/107/83 98/135/109 100/136/110
f 86/117/92 100/136/110 101/118/93
f 117/137/111 90/138/112 119/139/113
f 116/140/114 91/141/115 117/137/111
f 114/142/98 92/143/116 116/140/114
f 93/144/117 108/145/118 92/143/116
f 94/127/101 109/146/119 93/147/117
f 94/127/101 111/148/120 110/149/121
f 97/132/106 111/148/120 95/130/104
f 91/141/115 106/150/122 90/138/112
f 96/151/123 113/152/124 97/132/106
f 92/143/116 107/153/125 91/141/115
f 101/123/97 121/126/100 115/128/102
f 100/154/126 120/129/103 121/126/100
f 99/155/127 120/129/103 98/156/128
f 104/157/129 119/139/113 105/158/130
f 104/157/129 116/140/114 117/137/111
f 102/159/99 116/140/114 103/160/131
f 115/128/102 93/147/117 114/124/98
f 113/152/124 127/161/132 111/148/120
f 112/162/133 129/163/134 113/152/124
f 107/153/125 122/164/135 106/150/122
f 107/153/125 124/165/136 123/166/137
f 109/167/119 124/165/136 108/145/118
f 110/149/121 125/168/138 109/146/119
f 110/149/121 127/161/132 126/169/139
f 235/170/140 130/171/141 234/172/142
f 236/173/143 131/174/144 235/170/140
f 236/173/143 133/175/145 132/176/146
f 238/177/147 133/178/145 237/179/148
f 239/180/149 134/181/150 238/177/147
f 240/182/151 135/183/152 239/180/149
f 240/182/151 136/184/153 137/185/154
f 162/186/155 182/187/156 159/188/157
f 168/189/158 185/190/159 162/186/155
f 174/191/160 138/192/161 170/193/162
f 165/194/163 191/195/164 168/189/158
f 130/196/165 149/197/166 147/198/167
f 156/199/168 176/200/169 153/201/170
f 159/188/157 179/202/171 156/203/168
f 135/204/172 158/205/173 134/206/174
f 137/207/175 161/208/176 135/204/172
f 137/207/175 164/209/177 167/210/178
f 153/201/170 173/211/179 150/212/180
f 131/213/181 152/214/182 149/197/166
f 132/215/183 155/216/184 152/214/182
f 134/206/174 155/217/184 133/218/185
f 177/219/186 139/220/187 174/191/160
f 180/221/188 140/222/189 177/219/186
f 183/223/190 141/224/191 180/225/188
f 186/226/192 142/227/193 183/223/190
f 186/226/192 145/228/194 143/229/195
f 189/230/196 145/228/194 192/231/197
f 150/212/180 148/232/198 151/233/199
f 148/232/198 149/197/166 151/233/199
f 149/197/166 154/234/200 151/233/199
f 154/234/200 150/212/180 151/233/199
f 155/216/184 154/234/200 152/214/182
f 157/235/201 153/201/170 154/234/200
f 158/205/173 157/236/201 155/217/184
f 160/237/202 156/203/168 157/236/201
f 158/205/173 163/238/203 160/237/202
f 163/238/203 159/188/157 160/237/202
f 161/208/176 169/239/204 163/238/203
f 169/239/204 162/186/155 163/238/203
f 164/209/177 169/239/204 167/210/178
f 166/240/205 168/189/158 169/239/204
f 174/241/160 172/242/206 175/243/207
f 172/242/206 173/211/179 175/243/207
f 173/211/179 178/244/208 175/243/207
f 175/243/207 177/245/186 174/241/160
f 179/246/171 178/244/208 176/200/169
f 181/247/209 177/245/186 178/244/208
f 182/187/156 181/248/209 179/202/171
f 184/249/210 180/250/188 181/248/209
f 182/187/156 187/251/211 184/249/210
f 187/251/211 183/252/190 184/249/210
f 185/190/159 193/253/212 187/251/211
f 193/253/212 186/254/192 187/251/211
f 188/255/213 193/253/212 191/195/164
f 190/256/214 192/257/197 193/253/212
f 150/212/180 171/258/215 146/259/216
f 196/260/217 210/261/218 197/262/219
f 195/263/220 212/264/221 196/260/217
f 194/265/222 216/266/223 195/263/220
f 200/267/224 203/268/225 201/269/226
f 199/270/227 204/271/228 200/267/224
f 198/272/229 206/273/230 199/270/227
f 197/262/219 208/274/231 198/275/229
f 207/276/232 226/277/233 228/278/234
f 229/279/235 207/276/232 228/278/234
f 211/280/236 229/281/235 230/282/237
f 213/283/238 230/282/237 231/284/239
f 217/285/240 231/284/239 232/286/241
f 233/287/242 217/285/240 232/286/241
f 223/288/243 198/275/229 220/289/244
f 222/290/245 198/272/229 199/270/227
f 221/291/246 199/270/227 200/267/224
f 221/291/246 201/269/226 224/292/247
f 218/293/248 195/263/220 225/294/249
f 225/294/249 196/260/217 219/295/250
f 219/295/250 197/262/219 223/288/243
f 203/268/225 226/277/233 227/296/251
f 142/297/193 219/295/250 223/288/243
f 143/298/195 225/294/249 219/295/250
f 145/299/194 218/293/248 225/294/249
f 138/300/161 221/291/246 224/292/247
f 139/301/187 222/290/245 221/291/246
f 140/302/189 220/303/244 222/290/245
f 142/297/193 220/289/244 141/304/191
f 227/296/251 205/305/252 202/306/253
f 233/287/242 216/266/223 214/307/254
f 232/286/241 212/264/221 216/266/223
f 231/284/239 210/261/218 212/264/221
f 210/261/218 229/281/235 208/274/231
f 208/308/231 228/278/234 206/273/230
f 206/273/230 226/277/233 204/271/228
f 128/309/255 240/182/151 129/163/134
f 129/163/134 239/180/149 127/161/132
f 127/161/132 238/177/147 126/169/139
f 126/169/139 237/179/148 125/168/138
f 125/310/138 236/173/143 124/165/136
f 123/166/137 236/173/143 235/170/140
f 123/166/137 234/172/142 122/164/135
f 209/311/256 244/312/257 207/313/257
f 217/314/258 247/315/259 213/316/259
f 211/317/260 245/318/256 209/319/256
f 207/313/257 243/320/261 205/321/261
f 215/322/262 249/323/258 217/314/258
f 205/321/261 242/324/263 202/325/263
f 213/316/259 246/326/260 211/317/260
f 244/327/264 257/328/265 243/329/266
f 244/327/264 251/330/267 250/331/268
f 245/332/269 252/333/270 251/334/267
f 247/335/271 252/333/270 246/336/272
f 247/335/271 254/337/273 253/338/274
f 249/339/275 255/340/276 254/337/273
f 242/341/277 257/328/265 256/342/278
f 253/338/274 262/343/279 252/333/270
f 254/337/273 263/344/280 253/338/274
f 255/340/276 265/345/281 254/337/273
f 256/342/278 259/346/282 258/347/283
f 257/328/265 260/348/284 259/346/282
f 250/331/268 261/349/285 260/348/284
f 252/333/270 261/350/285 251/334/267
f 294/351/286 281/352/287 280/353/288
f 296/354/289 282/355/290 281/352/287
f 298/356/291 283/357/292 282/355/290
f 10/11/10 291/358/293 35/9/8
f 300/359/294 26/12/11 283/357/292
f 292/360/295 280/353/288 279/361/296
f 290/362/297 279/361/296 278/363/298
f 267/364/299 278/363/298 279/361/296
f 280/353/288 267/364/299 279/361/296
f 281/352/287 268/365/300 280/353/288
f 282/355/290 269/366/301 281/352/287
f 283/357/292 270/367/302 282/355/290
f 8/25/23 283/357/292 26/12/11
f 272/368/303 293/369/304 291/358/293
f 274/370/305 297/371/306 295/372/307
f 297/371/306 276/373/308 299/374/309
f 276/373/308 301/375/310 299/374/309
f 277/376/311 48/36/33 301/375/310
f 273/377/312 295/372/307 293/369/304
f 289/378/313 2/39/36 266/379/314
f 8/25/23 284/380/315 271/381/316
f 271/381/316 285/382/317 270/367/302
f 270/367/302 286/383/318 269/366/301
f 269/366/301 287/384/319 268/365/300
f 287/384/319 267/364/299 268/365/300
f 288/385/320 266/379/314 267/364/299
f 291/358/293 36/49/44 35/9/8
f 293/369/304 290/362/297 291/358/293
f 295/372/307 292/360/295 293/369/304
f 296/354/289 295/372/307 297/371/306
f 299/374/309 296/354/289 297/371/306
f 300/359/294 299/374/309 301/375/310
f 300/359/294 48/36/33 47/386/321
f 36/49/44 278/363/298 18/50/45
f 322/387/322 313/388/323 311/389/324
f 324/390/325 64/54/49 313/388/323
f 316/391/326 307/392/327 305/393/328
f 314/394/329 305/393/328 303/395/330
f 318/396/331 309/397/332 307/392/327
f 320/398/333 311/389/324 309/397/332
f 276/399/308 312/400/334 277/401/311
f 312/400/334 16/402/335 277/401/311
f 52/71/62 272/403/303 10/72/10
f 302/404/336 273/405/312 272/403/303
f 273/405/312 306/406/337 274/407/305
f 306/406/337 275/408/338 274/407/305
f 308/409/339 276/399/308 275/408/338
f 302/404/336 51/81/67 303/395/330
f 304/410/340 303/395/330 305/393/328
f 306/406/337 305/393/328 307/392/327
f 309/397/332 306/406/337 307/392/327
f 310/411/341 309/397/332 311/389/324
f 313/388/323 310/411/341 311/389/324
f 312/400/334 64/54/49 63/68/60
f 314/394/329 67/412/77 315/413/342
f 317/414/343 314/394/329 315/413/342
f 319/415/344 316/391/326 317/414/343
f 320/398/333 319/415/344 321/416/345
f 322/387/322 321/416/345 323/417/346
f 324/390/325 323/417/346 325/418/347
f 325/418/347 79/419/348 324/390/325
f 68/84/69 303/395/330 51/81/67
f 317/420/343 81/95/76 319/421/344
f 81/95/76 321/422/345 319/421/344
f 321/422/345 81/95/76 323/423/346
f 323/423/346 81/95/76 325/424/347
f 325/424/347 81/95/76 80/99/75
f 67/100/77 81/95/76 315/425/342
f 315/425/342 81/95/76 317/420/343
f 266/379/314 18/50/45 278/363/298
f 327/426/349 286/427/350 285/428/351
f 288/429/352 331/430/353 289/431/354
f 82/109/85 284/432/355 23/110/86
f 286/427/350 329/433/356 287/434/357
f 326/435/358 285/428/351 284/432/355
f 289/431/354 88/116/91 31/436/359
f 287/434/357 330/437/360 288/429/352
f 328/438/361 340/439/362 329/433/356
f 327/426/349 341/440/363 328/438/361
f 326/435/358 342/441/364 327/426/349
f 350/442/365 340/443/366 341/444/367
f 335/445/368 355/446/369 351/447/370
f 355/446/369 337/448/371 354/449/372
f 354/449/372 96/151/123 118/131/105
f 82/109/85 343/450/373 326/435/358
f 338/451/374 88/116/91 331/430/353
f 339/452/375 331/430/353 330/437/360
f 329/433/356 339/452/375 330/437/360
f 119/139/113 332/453/376 353/454/377
f 332/453/376 352/455/378 353/454/377
f 333/456/379 350/442/365 352/455/378
f 345/457/380 334/458/381 333/456/379
f 346/459/382 335/445/368 334/458/381
f 347/460/383 336/461/384 335/445/368
f 348/462/385 337/448/371 336/461/384
f 106/150/122 332/453/376 90/138/112
f 349/463/386 96/151/123 337/448/371
f 344/464/387 333/456/379 332/453/376
f 351/447/370 339/465/388 340/443/366
f 355/446/369 338/466/389 339/465/388
f 338/466/389 118/131/105 99/155/127
f 105/158/130 353/454/377 343/467/390
f 353/454/377 342/468/391 343/467/390
f 352/455/378 341/444/367 342/468/391
f 334/458/381 351/447/370 350/442/365
f 348/462/385 361/469/392 349/463/386
f 361/469/392 112/162/133 349/463/386
f 122/164/135 344/464/387 106/150/122
f 356/470/393 345/457/380 344/464/387
f 357/471/394 346/459/382 345/457/380
f 358/472/395 347/460/383 346/459/382
f 359/473/396 348/462/385 347/460/383
f 130/171/141 440/474/397 234/172/142
f 362/475/398 441/476/399 440/474/397
f 363/477/400 442/478/401 441/476/399
f 364/479/402 443/480/403 442/478/401
f 365/481/404 444/482/405 443/480/403
f 366/483/406 445/484/407 444/482/405
f 367/485/408 241/486/409 445/484/407
f 401/487/410 387/488/411 384/489/412
f 404/490/413 390/491/414 387/488/411
f 138/192/161 393/492/415 170/193/162
f 407/493/416 165/194/163 390/491/414
f 130/196/165 374/494/417 362/495/418
f 395/496/419 381/497/420 378/498/421
f 398/499/422 384/489/412 381/497/420
f 383/500/423 366/501/424 365/502/425
f 386/503/426 367/504/427 366/501/424
f 389/505/428 136/506/429 367/504/427
f 392/507/430 378/498/421 375/508/431
f 362/495/418 377/509/432 363/510/433
f 363/510/433 380/511/434 364/512/435
f 364/512/435 383/500/423 365/502/425
f 368/513/436 396/514/437 393/492/415
f 369/515/438 399/516/439 396/514/437
f 370/517/440 402/518/441 399/516/439
f 371/519/442 405/520/443 402/518/441
f 405/520/443 373/521/444 408/522/445
f 408/522/445 144/523/446 189/230/196
f 375/508/431 148/232/198 146/259/216
f 376/524/447 147/198/167 148/232/198
f 374/494/417 379/525/448 377/509/432
f 376/524/447 378/498/421 379/525/448
f 377/509/432 382/526/449 380/511/434
f 379/525/448 381/497/420 382/526/449
f 382/526/449 383/500/423 380/511/434
f 381/497/420 385/527/450 382/526/449
f 385/527/450 386/503/426 383/500/423
f 384/489/412 388/528/451 385/527/450
f 386/503/426 391/529/452 389/505/428
f 387/488/411 391/529/452 388/528/451
f 389/505/428 166/240/205 164/209/177
f 390/491/414 166/240/205 391/529/452
f 394/530/453 170/531/162 393/532/415
f 392/507/430 172/242/206 394/530/453
f 394/530/453 395/496/419 392/507/430
f 393/532/415 397/533/454 394/530/453
f 397/533/454 398/499/422 395/496/419
f 396/534/437 400/535/455 397/533/454
f 400/535/455 401/487/410 398/499/422
f 399/536/439 403/537/456 400/535/455
f 403/537/456 404/490/413 401/487/410
f 403/537/456 405/538/443 406/539/457
f 404/490/413 409/540/458 407/493/416
f 405/538/443 409/540/458 406/539/457
f 407/493/416 190/256/214 188/255/213
f 408/541/445 190/256/214 409/540/458
f 171/258/215 375/508/431 146/259/216
f 422/542/459 411/543/460 412/544/461
f 424/545/462 410/546/463 411/543/460
f 426/547/464 194/265/222 410/546/463
f 203/268/225 415/548/465 201/269/226
f 416/549/466 414/550/467 415/548/465
f 418/551/468 413/552/469 414/550/467
f 420/553/470 412/544/461 413/552/469
f 434/554/471 419/555/472 435/556/473
f 436/557/474 419/555/472 421/558/475
f 436/557/474 423/559/476 437/560/477
f 437/560/477 425/561/478 438/562/479
f 439/563/480 425/561/478 427/564/481
f 439/563/480 215/565/482 233/287/242
f 413/552/469 432/566/483 429/567/484
f 414/550/467 429/567/484 431/568/485
f 415/548/465 431/568/485 430/569/486
f 201/269/226 430/569/486 224/292/247
f 410/546/463 218/293/248 433/570/487
f 411/543/460 433/570/487 428/571/488
f 412/544/461 428/571/488 432/566/483
f 434/554/471 203/268/225 227/296/251
f 371/572/442 428/571/488 372/573/489
f 372/573/489 433/570/487 373/574/444
f 373/574/444 218/293/248 144/575/446
f 224/292/247 368/576/436 138/300/161
f 368/576/436 431/568/485 369/577/438
f 369/577/438 429/567/484 370/578/440
f 429/567/484 371/572/442 370/578/440
f 417/579/490 227/296/251 202/306/253
f 426/547/464 233/287/242 214/307/254
f 424/545/462 439/563/480 426/547/464
f 424/545/462 437/560/477 438/562/479
f 420/553/470 437/560/477 422/542/459
f 418/551/468 436/557/474 420/553/470
f 416/549/466 435/556/473 418/551/468
f 445/484/407 128/309/255 361/469/392
f 444/482/405 361/469/392 360/580/491
f 359/473/396 444/482/405 360/580/491
f 442/478/401 359/473/396 358/472/395
f 441/476/399 358/472/395 357/471/394
f 440/474/397 357/471/394 356/470/393
f 234/172/142 356/470/393 122/164/135
f 447/581/492 421/582/493 419/583/492
f 450/584/494 427/585/495 425/586/494
f 448/587/493 423/588/496 421/582/493
f 446/589/497 419/583/492 417/590/497
f 451/591/495 215/322/262 427/585/495
f 242/324/263 417/590/497 202/325/263
f 449/592/496 425/586/494 423/588/496
f 457/593/498 447/594/499 446/595/500
f 447/594/499 453/596/501 448/597/502
f 453/596/501 449/598/503 448/597/502
f 449/598/503 455/599/504 450/600/505
f 450/600/505 456/601/506 451/602/507
f 451/602/507 255/340/276 248/603/508
f 256/342/278 446/595/500 242/341/277
f 461/604/509 455/599/504 454/605/510
f 462/606/511 456/601/506 455/599/504
f 463/607/512 255/340/276 456/601/506
f 256/342/278 458/608/513 457/593/498
f 457/593/498 459/609/514 452/610/515
f 452/610/515 460/611/516 453/596/501
f 460/611/516 454/605/510 453/596/501
f 502/612/517 464/613/518 472/614/519
f 514/615/520 477/616/521 517/617/522
f 488/618/523 466/619/524 485/620/525
f 491/621/526 467/622/527 488/623/523
f 505/624/528 472/614/519 473/625/529
f 494/626/530 468/627/531 491/621/526
f 258/628/532 481/629/533 479/630/534
f 494/626/530 471/631/535 469/632/536
f 505/624/528 474/633/537 508/634/538
f 500/635/539 470/636/540 471/631/535
f 511/637/541 474/633/537 475/638/542
f 517/617/522 470/636/540 497/639/543
f 511/637/541 476/640/544 514/615/520
f 461/641/545 515/642/546 462/643/547
f 262/644/548 493/645/549 490/646/550
f 463/647/551 515/642/546 518/648/552
f 265/649/553 493/645/549 263/650/554
f 264/651/555 518/648/552 496/652/556
f 264/651/555 499/653/557 265/649/553
f 482/654/558 466/619/524 465/655/559
f 258/628/532 503/656/560 458/657/561
f 458/657/561 506/658/562 459/659/563
f 259/660/564 484/661/565 481/629/533
f 459/659/563 509/662/566 460/663/567
f 260/664/568 487/665/569 484/661/565
f 461/641/545 509/662/566 512/666/570
f 262/644/548 487/667/569 261/668/571
f 482/669/558 480/670/572 483/671/573
f 480/670/572 481/629/533 483/671/573
f 485/672/525 483/671/573 486/673/574
f 483/671/573 484/661/565 486/673/574
f 485/672/525 489/674/575 488/675/523
f 486/673/574 487/665/569 489/674/575
f 488/676/523 492/677/576 491/678/526
f 489/679/575 490/646/550 492/677/576
f 494/680/530 492/677/576 495/681/577
f 492/677/576 493/645/549 495/681/577
f 500/682/539 495/681/577 501/683/578
f 495/681/577 499/653/557 501/683/578
f 497/684/543 501/683/578 498/685/579
f 501/683/578 496/652/556 498/685/579
f 479/630/534 504/686/580 503/656/560
f 504/686/580 478/687/581 502/688/517
f 503/656/560 507/689/582 506/658/562
f 504/686/580 505/690/528 507/689/582
f 509/662/566 507/689/582 510/691/583
f 510/691/583 505/690/528 508/692/538
f 509/662/566 513/693/584 512/666/570
f 510/691/583 511/694/541 513/693/584
f 512/666/570 516/695/585 515/642/546
f 513/693/584 514/696/520 516/695/585
f 515/642/546 519/697/586 518/648/552
f 516/695/585 517/698/522 519/697/586
f 518/648/552 498/685/579 496/652/556
f 498/685/579 517/698/522 497/684/543
f 482/654/558 464/613/518 478/699/581
f 530/700/587 568/701/588 527/702/589
f 550/703/590 596/704/591 553/705/592
f 533/706/593 571/707/594 530/708/587
f 553/705/592 599/709/595 556/710/596
f 536/711/597 574/712/598 533/706/593
f 556/710/596 602/713/599 559/714/600
f 542/715/601 577/716/602 536/711/597
f 569/717/603 604/718/604 566/719/605
f 539/720/606 583/721/607 542/715/601
f 544/722/608 590/723/609 547/724/610
f 559/714/600 580/725/611 539/720/606
f 465/726/612 521/727/613 464/728/614
f 520/729/615 587/730/616 544/722/608
f 547/724/610 593/731/617 550/703/590
f 476/732/618 554/733/619 557/734/620
f 468/735/621 535/736/622 532/737/623
f 476/732/618 560/738/624 477/739/625
f 469/740/626 541/741/627 535/736/622
f 470/742/628 560/738/624 538/743/629
f 471/744/630 538/743/629 541/741/627
f 527/702/589 565/745/631 524/746/632
f 464/728/614 545/747/633 472/748/634
f 472/748/634 548/749/635 473/750/636
f 466/751/637 523/752/638 465/726/612
f 474/753/639 548/749/635 551/754/640
f 467/755/641 526/756/642 466/751/637
f 474/753/639 554/733/619 475/757/643
f 468/735/621 529/758/644 467/759/641
f 524/746/632 522/760/645 525/761/646
f 522/760/645 523/752/638 525/761/646
f 524/746/632 528/762/647 527/702/589
f 525/761/646 526/756/642 528/762/647
f 527/702/589 531/763/648 530/700/587
f 528/762/647 529/764/644 531/763/648
f 530/708/587 534/765/649 533/706/593
f 531/766/648 532/737/623 534/765/649
f 536/711/597 534/765/649 537/767/650
f 537/767/650 532/737/623 535/736/622
f 536/711/597 543/768/651 542/715/601
f 543/768/651 535/736/622 541/741/627
f 542/715/601 540/769/652 539/720/606
f 540/769/652 541/741/627 538/743/629
f 521/727/613 546/770/653 545/747/633
f 522/760/645 544/722/608 546/770/653
f 548/749/635 546/770/653 549/771/654
f 546/770/653 547/724/610 549/771/654
f 551/754/640 549/771/654 552/772/655
f 549/771/654 550/703/590 552/772/655
f 554/733/619 552/772/655 555/773/656
f 555/773/656 550/703/590 553/705/592
f 557/734/620 555/773/656 558/774/657
f 558/774/657 553/705/592 556/710/596
f 560/738/624 558/774/657 561/775/658
f 558/774/657 559/714/600 561/775/658
f 538/743/629 561/775/658 540/769/652
f 540/769/652 559/714/600 539/720/606
f 562/776/659 567/777/660 566/778/605
f 567/777/660 563/779/661 565/745/631
f 566/778/605 570/780/662 569/781/603
f 570/780/662 565/745/631 568/701/588
f 572/782/663 570/780/662 573/783/664
f 573/783/664 568/701/588 571/784/594
f 572/785/663 576/786/665 575/787/666
f 573/788/664 574/712/598 576/786/665
f 575/787/666 579/789/667 578/790/668
f 576/786/665 577/716/602 579/789/667
f 578/790/668 585/791/669 584/792/670
f 585/791/669 577/716/602 583/721/607
f 584/792/670 582/793/671 581/794/672
f 582/793/671 583/721/607 580/725/611
f 587/730/616 564/795/673 588/796/674
f 564/795/673 586/797/675 588/796/674
f 590/723/609 588/796/674 591/798/676
f 588/796/674 589/799/677 591/798/676
f 593/731/617 591/798/676 594/800/678
f 591/798/676 592/801/679 594/800/678
f 593/731/617 597/802/680 596/704/591
f 597/802/680 592/801/679 595/803/681
f 596/704/591 600/804/682 599/709/595
f 597/802/680 598/805/683 600/804/682
f 602/713/599 600/804/682 603/806/684
f 600/804/682 601/807/685 603/806/684
f 580/725/611 603/806/684 582/793/671
f 603/806/684 581/794/672 582/793/671
f 524/746/632 563/779/661 520/729/615
f 621/808/263 643/809/263 620/810/263
f 575/811/666 609/812/604 608/813/604
f 566/719/605 605/814/604 562/815/659
f 586/816/675 613/817/604 589/818/677
f 595/819/681 616/820/604 598/821/683
f 581/822/672 617/823/604 611/824/604
f 572/825/663 608/813/604 607/826/604
f 584/827/670 611/824/604 610/828/604
f 562/815/659 612/829/604 586/816/675
f 595/819/681 614/830/604 615/831/604
f 572/825/663 606/832/604 569/717/603
f 578/833/668 610/828/604 609/812/604
f 592/834/679 613/817/604 614/830/604
f 601/835/685 616/820/604 617/823/604
f 630/836/686 622/837/686 628/838/686
f 618/839/263 621/808/263 620/810/263
f 630/840/263 618/839/263 620/810/263
f 622/841/262 644/842/262 623/843/262
f 629/844/687 618/845/687 631/846/687
f 637/847/262 624/848/262 627/849/262
f 623/850/688 625/851/688 624/852/688
f 619/853/263 625/854/263 621/808/263
f 665/855/689 673/856/690 676/857/691
f 634/858/76 630/859/76 633/860/76
f 633/860/76 628/861/76 632/862/76
f 632/862/76 629/863/76 635/864/76
f 637/865/692 626/866/692 619/867/692
f 607/868/263 633/869/263 614/870/263
f 614/871/693 632/872/693 615/873/693
f 607/874/694 635/875/694 634/876/694
f 635/864/76 631/877/76 634/858/76
f 608/878/262 632/879/262 635/880/262
f 614/830/604 613/817/604 612/829/604
f 608/813/604 610/828/604 617/823/604
f 629/881/262 622/841/262 636/882/262
f 636/882/262 623/843/262 637/847/262
f 643/883/695 644/884/695 645/885/695
f 640/886/696 639/887/696 641/888/696
f 623/889/697 642/890/697 621/891/697
f 618/839/263 639/892/263 619/853/263
f 636/882/262 638/893/262 640/894/262
f 619/895/698 638/896/698 637/897/698
f 622/898/699 643/899/699 645/900/699
f 618/901/700 640/902/700 641/903/700
f 626/904/604 651/905/604 646/906/604
f 673/856/690 657/907/701 671/908/702
f 669/909/703 677/910/704 675/911/705
f 661/912/706 674/913/707 672/914/708
f 627/915/604 653/916/604 650/917/604
f 624/918/604 649/919/604 652/920/604
f 626/904/604 648/921/604 625/922/604
f 646/906/604 647/923/604 626/904/604
f 648/921/604 649/919/604 625/922/604
f 650/917/604 651/905/604 627/915/604
f 652/920/604 653/916/604 624/918/604
f 677/910/704 665/855/689 676/857/691
f 670/924/709 661/912/706 672/914/708
f 674/913/707 669/909/703 675/911/705
f 662/925/710 678/926/604 656/927/711
f 664/928/712 663/929/713 665/855/689
f 654/930/714 657/907/701 656/931/711
f 666/932/715 669/909/703 668/933/716
f 660/934/717 659/935/718 661/912/706
f 660/934/717 655/936/719 654/937/714
f 662/938/710 657/907/701 663/929/713
f 658/939/720 669/909/703 659/935/718
f 666/932/715 665/855/689 667/940/721
f 670/941/709 646/942/722 671/908/702
f 670/941/709 657/907/701 655/943/719
f 649/944/723 675/911/705 652/945/724
f 648/946/725 670/924/709 672/914/708
f 650/947/726 677/910/704 676/857/691
f 672/914/708 649/944/723 648/946/725
f 652/945/724 677/910/704 653/948/727
f 651/949/728 671/908/702 646/942/722
f 676/857/691 651/949/728 650/947/726
f 660/950/717 654/951/714 678/926/604
f 666/952/715 678/926/604 664/953/712
f 678/926/604 666/952/715 668/954/716
f 664/953/712 678/926/604 662/925/710
f 678/926/604 654/951/714 656/927/711
f 668/954/716 658/955/720 678/926/604
f 658/955/720 660/950/717 678/926/604
f 21/1/1 41/48/5 39/2/2
f 22/4/4 43/8/7 41/5/5
f 24/7/6 45/13/12 43/8/7
f 35/9/8 34/27/25 9/10/9
f 26/12/11 47/386/321 45/13/12
f 20/3/3 39/2/2 37/14/13
f 19/15/14 37/14/13 33/16/15
f 19/15/14 17/17/16 1/18/17
f 20/3/3 19/15/14 3/19/18
f 21/1/1 20/3/3 4/20/19
f 22/4/4 21/6/1 5/22/20
f 24/7/6 22/4/4 6/23/21
f 24/7/6 7/24/22 8/25/23
f 38/26/24 11/38/35 9/10/9
f 42/28/26 13/956/30 12/29/27
f 42/31/26 44/35/32 14/32/29
f 46/34/31 15/37/34 14/32/29
f 48/36/33 16/957/335 15/37/34
f 40/30/28 12/29/27 11/38/35
f 2/39/36 31/958/729 32/40/37
f 8/25/23 7/24/22 25/41/38
f 7/24/22 6/23/21 27/43/40
f 6/23/21 5/22/20 28/44/41
f 5/21/20 4/20/19 29/45/42
f 3/19/18 30/47/43 29/45/42
f 1/18/17 32/40/37 30/47/43
f 35/9/8 36/49/44 33/16/15
f 34/27/25 33/16/15 37/14/13
f 40/30/28 38/26/24 37/14/13
f 40/30/28 39/2/2 41/48/5
f 42/31/26 41/5/5 43/8/7
f 46/34/31 44/35/32 43/8/7
f 45/13/12 47/386/321 48/36/33
f 17/17/16 33/16/15 36/49/44
f 62/51/46 77/55/50 75/52/47
f 64/54/49 79/419/348 77/55/50
f 56/56/51 71/62/57 69/57/52
f 54/58/53 69/57/52 65/59/54
f 58/61/56 73/87/58 71/62/57
f 60/53/48 75/52/47 73/63/58
f 15/65/34 61/69/61 59/66/59
f 15/65/34 16/402/335 63/68/60
f 9/70/9 49/74/64 52/71/62
f 9/70/9 11/76/35 53/73/63
f 12/75/27 55/78/65 53/73/63
f 13/77/30 57/82/66 55/78/65
f 14/67/29 59/66/59 57/79/66
f 51/81/67 52/71/62 49/74/64
f 50/60/55 49/74/64 53/73/63
f 54/58/53 53/73/63 55/78/65
f 58/61/56 56/56/51 55/78/65
f 60/53/48 58/64/56 57/79/66
f 60/53/48 59/66/59 61/69/61
f 63/68/60 64/54/49 62/51/46
f 66/83/68 67/412/77 68/84/69
f 70/85/70 66/83/68 65/59/54
f 72/86/71 70/85/70 69/57/52
f 72/86/71 71/62/57 73/87/58
f 74/89/72 73/63/58 75/52/47
f 78/91/74 76/90/73 75/52/47
f 77/55/50 79/419/348 80/92/75
f 50/60/55 65/59/54 68/84/69
f 17/17/16 18/50/45 2/39/36
f 28/102/78 85/120/88 84/103/79
f 30/105/81 32/115/90 89/106/82
f 25/108/84 83/114/89 82/109/85
f 29/111/87 86/117/92 85/112/88
f 27/104/80 84/103/79 83/114/89
f 32/115/90 31/436/359 88/116/91
f 29/111/87 30/105/81 87/107/83
f 85/112/88 86/117/92 101/118/93
f 85/120/88 102/959/94 103/121/95
f 84/103/79 103/121/95 104/122/96
f 101/123/97 115/128/102 114/124/98
f 121/126/100 95/130/104 94/127/101
f 120/129/103 97/132/106 95/130/104
f 118/131/105 96/151/123 97/132/106
f 83/114/89 104/122/96 105/133/107
f 89/106/82 88/116/91 99/134/108
f 87/107/83 89/106/82 98/135/109
f 86/117/92 87/107/83 100/136/110
f 117/137/111 91/141/115 90/138/112
f 116/140/114 92/143/116 91/141/115
f 114/142/98 93/144/117 92/143/116
f 93/144/117 109/167/119 108/145/118
f 94/127/101 110/149/121 109/146/119
f 94/127/101 95/130/104 111/148/120
f 97/132/106 113/152/124 111/148/120
f 91/141/115 107/153/125 106/150/122
f 96/151/123 112/162/133 113/152/124
f 92/143/116 108/145/118 107/153/125
f 101/123/97 100/154/126 121/126/100
f 100/154/126 98/156/128 120/129/103
f 99/155/127 118/131/105 120/129/103
f 104/157/129 117/137/111 119/139/113
f 104/157/129 103/160/131 116/140/114
f 102/159/99 114/142/98 116/140/114
f 115/128/102 94/127/101 93/147/117
f 113/152/124 129/163/134 127/161/132
f 112/162/133 128/309/255 129/163/134
f 107/153/125 123/166/137 122/164/135
f 107/153/125 108/145/118 124/165/136
f 109/167/119 125/310/138 124/165/136
f 110/149/121 126/169/139 125/168/138
f 110/149/121 111/148/120 127/161/132
f 235/170/140 131/174/144 130/171/141
f 236/173/143 132/176/146 131/174/144
f 236/173/143 237/960/148 133/175/145
f 238/177/147 134/181/150 133/178/145
f 239/180/149 135/183/152 134/181/150
f 240/182/151 137/185/154 135/183/152
f 240/182/151 241/486/409 136/184/153
f 162/186/155 185/190/159 182/187/156
f 168/189/158 191/195/164 185/190/159
f 174/191/160 139/220/187 138/192/161
f 165/194/163 188/255/213 191/195/164
f 130/196/165 131/213/181 149/197/166
f 156/199/168 179/246/171 176/200/169
f 159/188/157 182/187/156 179/202/171
f 135/204/172 161/208/176 158/205/173
f 137/207/175 167/210/178 161/208/176
f 137/207/175 136/506/429 164/209/177
f 153/201/170 176/200/169 173/211/179
f 131/213/181 132/215/183 152/214/182
f 132/215/183 133/961/185 155/216/184
f 134/206/174 158/205/173 155/217/184
f 177/219/186 140/222/189 139/220/187
f 180/221/188 141/962/191 140/222/189
f 183/223/190 142/227/193 141/224/191
f 186/226/192 143/229/195 142/227/193
f 186/226/192 192/231/197 145/228/194
f 189/230/196 144/523/446 145/228/194
f 150/212/180 146/259/216 148/232/198
f 148/232/198 147/198/167 149/197/166
f 149/197/166 152/214/182 154/234/200
f 154/234/200 153/201/170 150/212/180
f 155/216/184 157/235/201 154/234/200
f 157/235/201 156/199/168 153/201/170
f 158/205/173 160/237/202 157/236/201
f 160/237/202 159/188/157 156/203/168
f 158/205/173 161/208/176 163/238/203
f 163/238/203 162/186/155 159/188/157
f 161/208/176 167/210/178 169/239/204
f 169/239/204 168/189/158 162/186/155
f 164/209/177 166/240/205 169/239/204
f 166/240/205 165/194/163 168/189/158
f 174/241/160 170/531/162 172/242/206
f 172/242/206 171/258/215 173/211/179
f 173/211/179 176/200/169 178/244/208
f 175/243/207 178/244/208 177/245/186
f 179/246/171 181/247/209 178/244/208
f 181/247/209 180/963/188 177/245/186
f 182/187/156 184/249/210 181/248/209
f 184/249/210 183/252/190 180/250/188
f 182/187/156 185/190/159 187/251/211
f 187/251/211 186/254/192 183/252/190
f 185/190/159 191/195/164 193/253/212
f 193/253/212 192/257/197 186/254/192
f 188/255/213 190/256/214 193/253/212
f 190/256/214 189/964/196 192/257/197
f 150/212/180 173/211/179 171/258/215
f 196/260/217 212/264/221 210/261/218
f 195/263/220 216/266/223 212/264/221
f 194/265/222 214/307/254 216/266/223
f 200/267/224 204/271/228 203/268/225
f 199/270/227 206/273/230 204/271/228
f 198/272/229 208/308/231 206/273/230
f 197/262/219 210/261/218 208/274/231
f 207/276/232 205/305/252 226/277/233
f 229/279/235 209/965/730 207/276/232
f 211/280/236 209/966/730 229/281/235
f 213/283/238 211/280/236 230/282/237
f 217/285/240 213/283/238 231/284/239
f 233/287/242 215/565/482 217/285/240
f 223/288/243 197/262/219 198/275/229
f 222/290/245 220/303/244 198/272/229
f 221/291/246 222/290/245 199/270/227
f 221/291/246 200/267/224 201/269/226
f 218/293/248 194/265/222 195/263/220
f 225/294/249 195/263/220 196/260/217
f 219/295/250 196/260/217 197/262/219
f 203/268/225 204/271/228 226/277/233
f 142/297/193 143/298/195 219/295/250
f 143/298/195 145/299/194 225/294/249
f 145/299/194 144/575/446 218/293/248
f 138/300/161 139/301/187 221/291/246
f 139/301/187 140/302/189 222/290/245
f 140/302/189 141/967/191 220/303/244
f 142/297/193 223/288/243 220/289/244
f 227/296/251 226/277/233 205/305/252
f 233/287/242 232/286/241 216/266/223
f 232/286/241 231/284/239 212/264/221
f 231/284/239 230/282/237 210/261/218
f 210/261/218 230/282/237 229/281/235
f 208/308/231 229/279/235 228/278/234
f 206/273/230 228/278/234 226/277/233
f 128/309/255 241/486/409 240/182/151
f 129/163/134 240/182/151 239/180/149
f 127/161/132 239/180/149 238/177/147
f 126/169/139 238/177/147 237/179/148
f 125/310/138 237/960/148 236/173/143
f 123/166/137 124/165/136 236/173/143
f 123/166/137 235/170/140 234/172/142
f 209/311/256 245/968/256 244/312/257
f 217/314/258 249/323/258 247/315/259
f 211/317/260 246/326/260 245/318/256
f 207/313/257 244/312/257 243/320/261
f 215/322/262 248/969/262 249/323/258
f 205/321/261 243/320/261 242/324/263
f 213/316/259 247/315/259 246/326/260
f 244/327/264 250/331/268 257/328/265
f 244/327/264 245/970/269 251/330/267
f 245/332/269 246/336/272 252/333/270
f 247/335/271 253/338/274 252/333/270
f 247/335/271 249/339/275 254/337/273
f 249/339/275 248/603/508 255/340/276
f 242/341/277 243/329/266 257/328/265
f 253/338/274 263/344/280 262/343/279
f 254/337/273 265/345/281 263/344/280
f 255/340/276 264/971/731 265/345/281
f 256/342/278 257/328/265 259/346/282
f 257/328/265 250/331/268 260/348/284
f 250/331/268 251/330/267 261/349/285
f 252/333/270 262/343/279 261/350/285
f 294/351/286 296/354/289 281/352/287
f 296/354/289 298/356/291 282/355/290
f 298/356/291 300/359/294 283/357/292
f 10/11/10 272/368/303 291/358/293
f 300/359/294 47/386/321 26/12/11
f 292/360/295 294/351/286 280/353/288
f 290/362/297 292/360/295 279/361/296
f 267/364/299 266/379/314 278/363/298
f 280/353/288 268/365/300 267/364/299
f 281/352/287 269/366/301 268/365/300
f 282/355/290 270/367/302 269/366/301
f 283/357/292 271/381/316 270/367/302
f 8/25/23 271/381/316 283/357/292
f 272/368/303 273/377/312 293/369/304
f 274/370/305 275/972/338 297/371/306
f 297/371/306 275/972/338 276/373/308
f 276/373/308 277/376/311 301/375/310
f 277/376/311 16/957/335 48/36/33
f 273/377/312 274/370/305 295/372/307
f 289/378/313 31/958/729 2/39/36
f 8/25/23 23/42/39 284/380/315
f 271/381/316 284/380/315 285/382/317
f 270/367/302 285/382/317 286/383/318
f 269/366/301 286/383/318 287/384/319
f 287/384/319 288/385/320 267/364/299
f 288/385/320 289/378/313 266/379/314
f 291/358/293 290/362/297 36/49/44
f 293/369/304 292/360/295 290/362/297
f 295/372/307 294/351/286 292/360/295
f 296/354/289 294/351/286 295/372/307
f 299/374/309 298/356/291 296/354/289
f 300/359/294 298/356/291 299/374/309
f 300/359/294 301/375/310 48/36/33
f 36/49/44 290/362/297 278/363/298
f 322/387/322 324/390/325 313/388/323
f 324/390/325 79/419/348 64/54/49
f 316/391/326 318/396/331 307/392/327
f 314/394/329 316/391/326 305/393/328
f 318/396/331 320/398/333 309/397/332
f 320/398/333 322/387/322 311/389/324
f 276/399/308 310/411/341 312/400/334
f 312/400/334 63/68/60 16/402/335
f 52/71/62 302/404/336 272/403/303
f 302/404/336 304/410/340 273/405/312
f 273/405/312 304/410/340 306/406/337
f 306/406/337 308/409/339 275/408/338
f 308/409/339 310/411/341 276/399/308
f 302/404/336 52/71/62 51/81/67
f 304/410/340 302/404/336 303/395/330
f 306/406/337 304/410/340 305/393/328
f 309/397/332 308/409/339 306/406/337
f 310/411/341 308/409/339 309/397/332
f 313/388/323 312/400/334 310/411/341
f 312/400/334 313/388/323 64/54/49
f 314/394/329 68/84/69 67/412/77
f 317/414/343 316/391/326 314/394/329
f 319/415/344 318/396/331 316/391/326
f 320/398/333 318/396/331 319/415/344
f 322/387/322 320/398/333 321/416/345
f 324/390/325 322/387/322 323/417/346
f 325/418/347 80/92/75 79/419/348
f 68/84/69 314/394/329 303/395/330
f 266/379/314 2/39/36 18/50/45
f 327/426/349 328/438/361 286/427/350
f 288/429/352 330/437/360 331/430/353
f 82/109/85 326/435/358 284/432/355
f 286/427/350 328/438/361 329/433/356
f 326/435/358 327/426/349 285/428/351
f 289/431/354 331/430/353 88/116/91
f 287/434/357 329/433/356 330/437/360
f 328/438/361 341/440/363 340/439/362
f 327/426/349 342/441/364 341/440/363
f 326/435/358 343/450/373 342/441/364
f 350/442/365 351/447/370 340/443/366
f 335/445/368 336/461/384 355/446/369
f 355/446/369 336/461/384 337/448/371
f 354/449/372 337/448/371 96/151/123
f 82/109/85 105/133/107 343/450/373
f 338/451/374 99/134/108 88/116/91
f 339/452/375 338/451/374 331/430/353
f 329/433/356 340/439/362 339/452/375
f 119/139/113 90/138/112 332/453/376
f 332/453/376 333/456/379 352/455/378
f 333/456/379 334/458/381 350/442/365
f 345/457/380 346/459/382 334/458/381
f 346/459/382 347/460/383 335/445/368
f 347/460/383 348/462/385 336/461/384
f 348/462/385 349/463/386 337/448/371
f 106/150/122 344/464/387 332/453/376
f 349/463/386 112/162/133 96/151/123
f 344/464/387 345/457/380 333/456/379
f 351/447/370 355/446/369 339/465/388
f 355/446/369 354/449/372 338/466/389
f 338/466/389 354/449/372 118/131/105
f 105/158/130 119/139/113 353/454/377
f 353/454/377 352/455/378 342/468/391
f 352/455/378 350/442/365 341/444/367
f 334/458/381 335/445/368 351/447/370
f 348/462/385 360/580/491 361/469/392
f 361/469/392 128/309/255 112/162/133
f 122/164/135 356/470/393 344/464/387
f 356/470/393 357/471/394 345/457/380
f 357/471/394 358/472/395 346/459/382
f 358/472/395 359/473/396 347/460/383
f 359/473/396 360/580/491 348/462/385
f 130/171/141 362/475/398 440/474/397
f 362/475/398 363/477/400 441/476/399
f 363/477/400 364/479/402 442/478/401
f 364/479/402 365/481/404 443/480/403
f 365/481/404 366/483/406 444/482/405
f 366/483/406 367/485/408 445/484/407
f 367/485/408 136/184/153 241/486/409
f 401/487/410 404/490/413 387/488/411
f 404/490/413 407/493/416 390/491/414
f 138/192/161 368/513/436 393/492/415
f 407/493/416 188/255/213 165/194/163
f 130/196/165 147/198/167 374/494/417
f 395/496/419 398/499/422 381/497/420
f 398/499/422 401/487/410 384/489/412
f 383/500/423 386/503/426 366/501/424
f 386/503/426 389/505/428 367/504/427
f 389/505/428 164/209/177 136/506/429
f 392/507/430 395/496/419 378/498/421
f 362/495/418 374/494/417 377/509/432
f 363/510/433 377/509/432 380/511/434
f 364/512/435 380/511/434 383/500/423
f 368/513/436 369/515/438 396/514/437
f 369/515/438 370/517/440 399/516/439
f 370/517/440 371/519/442 402/518/441
f 371/519/442 372/973/489 405/520/443
f 405/520/443 372/973/489 373/521/444
f 408/522/445 373/521/444 144/523/446
f 375/508/431 376/524/447 148/232/198
f 376/524/447 374/494/417 147/198/167
f 374/494/417 376/524/447 379/525/448
f 376/524/447 375/508/431 378/498/421
f 377/509/432 379/525/448 382/526/449
f 379/525/448 378/498/421 381/497/420
f 382/526/449 385/527/450 383/500/423
f 381/497/420 384/489/412 385/527/450
f 385/527/450 388/528/451 386/503/426
f 384/489/412 387/488/411 388/528/451
f 386/503/426 388/528/451 391/529/452
f 387/488/411 390/491/414 391/529/452
f 389/505/428 391/529/452 166/240/205
f 390/491/414 165/194/163 166/240/205
f 394/530/453 172/242/206 170/531/162
f 392/507/430 171/258/215 172/242/206
f 394/530/453 397/533/454 395/496/419
f 393/532/415 396/534/437 397/533/454
f 397/533/454 400/535/455 398/499/422
f 396/534/437 399/536/439 400/535/455
f 400/535/455 403/537/456 401/487/410
f 399/536/439 402/974/441 403/537/456
f 403/537/456 406/539/457 404/490/413
f 403/537/456 402/974/441 405/538/443
f 404/490/413 406/539/457 409/540/458
f 405/538/443 408/541/445 409/540/458
f 407/493/416 409/540/458 190/256/214
f 408/541/445 189/964/196 190/256/214
f 171/258/215 392/507/430 375/508/431
f 422/542/459 424/545/462 411/543/460
f 424/545/462 426/547/464 410/546/463
f 426/547/464 214/307/254 194/265/222
f 203/268/225 416/549/466 415/548/465
f 416/549/466 418/551/468 414/550/467
f 418/551/468 420/553/470 413/552/469
f 420/553/470 422/542/459 412/544/461
f 434/554/471 417/579/490 419/555/472
f 436/557/474 435/556/473 419/555/472
f 436/557/474 421/558/475 423/559/476
f 437/560/477 423/559/476 425/561/478
f 439/563/480 438/562/479 425/561/478
f 439/563/480 427/564/481 215/565/482
f 413/552/469 412/544/461 432/566/483
f 414/550/467 413/552/469 429/567/484
f 415/548/465 414/550/467 431/568/485
f 201/269/226 415/548/465 430/569/486
f 410/546/463 194/265/222 218/293/248
f 411/543/460 410/546/463 433/570/487
f 412/544/461 411/543/460 428/571/488
f 434/554/471 416/549/466 203/268/225
f 371/572/442 432/566/483 428/571/488
f 372/573/489 428/571/488 433/570/487
f 373/574/444 433/570/487 218/293/248
f 224/292/247 430/569/486 368/576/436
f 368/576/436 430/569/486 431/568/485
f 369/577/438 431/568/485 429/567/484
f 429/567/484 432/566/483 371/572/442
f 417/579/490 434/554/471 227/296/251
f 426/547/464 439/563/480 233/287/242
f 424/545/462 438/562/479 439/563/480
f 424/545/462 422/542/459 437/560/477
f 420/553/470 436/557/474 437/560/477
f 418/551/468 435/556/473 436/557/474
f 416/549/466 434/554/471 435/556/473
f 445/484/407 241/486/409 128/309/255
f 444/482/405 445/484/407 361/469/392
f 359/473/396 443/480/403 444/482/405
f 442/478/401 443/480/403 359/473/396
f 441/476/399 442/478/401 358/472/395
f 440/474/397 441/476/399 357/471/394
f 234/172/142 440/474/397 356/470/393
f 447/581/492 448/587/493 421/582/493
f 450/584/494 451/591/495 427/585/495
f 448/587/493 449/592/496 423/588/496
f 446/589/497 447/581/492 419/583/492
f 451/591/495 248/969/262 215/322/262
f 242/324/263 446/589/497 417/590/497
f 449/592/496 450/584/494 425/586/494
f 457/593/498 452/610/515 447/594/499
f 447/594/499 452/610/515 453/596/501
f 453/596/501 454/605/510 449/598/503
f 449/598/503 454/605/510 455/599/504
f 450/600/505 455/599/504 456/601/506
f 451/602/507 456/601/506 255/340/276
f 256/342/278 457/593/498 446/595/500
f 461/604/509 462/606/511 455/599/504
f 462/606/511 463/607/512 456/601/506
f 463/607/512 264/971/731 255/340/276
f 256/342/278 258/347/283 458/608/513
f 457/593/498 458/608/513 459/609/514
f 452/610/515 459/609/514 460/611/516
f 460/611/516 461/604/509 454/605/510
f 502/612/517 478/699/581 464/613/518
f 514/615/520 476/640/544 477/616/521
f 488/618/523 467/975/527 466/619/524
f 491/621/526 468/627/531 467/622/527
f 505/624/528 502/612/517 472/614/519
f 494/626/530 469/632/536 468/627/531
f 258/628/532 259/660/564 481/629/533
f 494/626/530 500/635/539 471/631/535
f 505/624/528 473/625/529 474/633/537
f 500/635/539 497/639/543 470/636/540
f 511/637/541 508/634/538 474/633/537
f 517/617/522 477/616/521 470/636/540
f 511/637/541 475/638/542 476/640/544
f 461/641/545 512/666/570 515/642/546
f 262/644/548 263/650/554 493/645/549
f 463/647/551 462/643/547 515/642/546
f 265/649/553 499/653/557 493/645/549
f 264/651/555 463/647/551 518/648/552
f 264/651/555 496/652/556 499/653/557
f 482/654/558 485/620/525 466/619/524
f 258/628/532 479/630/534 503/656/560
f 458/657/561 503/656/560 506/658/562
f 259/660/564 260/664/568 484/661/565
f 459/659/563 506/658/562 509/662/566
f 260/664/568 261/976/571 487/665/569
f 461/641/545 460/663/567 509/662/566
f 262/644/548 490/646/550 487/667/569
f 482/669/558 478/687/581 480/670/572
f 480/670/572 479/630/534 481/629/533
f 485/672/525 482/669/558 483/671/573
f 483/671/573 481/629/533 484/661/565
f 485/672/525 486/673/574 489/674/575
f 486/673/574 484/661/565 487/665/569
f 488/676/523 489/679/575 492/677/576
f 489/679/575 487/667/569 490/646/550
f 494/680/530 491/678/526 492/677/576
f 492/677/576 490/646/550 493/645/549
f 500/682/539 494/680/530 495/681/577
f 495/681/577 493/645/549 499/653/557
f 497/684/543 500/682/539 501/683/578
f 501/683/578 499/653/557 496/652/556
f 479/630/534 480/670/572 504/686/580
f 504/686/580 480/670/572 478/687/581
f 503/656/560 504/686/580 507/689/582
f 504/686/580 502/688/517 505/690/528
f 509/662/566 506/658/562 507/689/582
f 510/691/583 507/689/582 505/690/528
f 509/662/566 510/691/583 513/693/584
f 510/691/583 508/692/538 511/694/541
f 512/666/570 513/693/584 516/695/585
f 513/693/584 511/694/541 514/696/520
f 515/642/546 516/695/585 519/697/586
f 516/695/585 514/696/520 517/698/522
f 518/648/552 519/697/586 498/685/579
f 498/685/579 519/697/586 517/698/522
f 482/654/558 465/655/559 464/613/518
f 530/700/587 571/784/594 568/701/588
f 550/703/590 593/731/617 596/704/591
f 533/706/593 574/712/598 571/707/594
f 553/705/592 596/704/591 599/709/595
f 536/711/597 577/716/602 574/712/598
f 556/710/596 599/709/595 602/713/599
f 542/715/601 583/721/607 577/716/602
f 569/717/603 606/832/604 604/718/604
f 539/720/606 580/725/611 583/721/607
f 544/722/608 587/730/616 590/723/609
f 559/714/600 602/713/599 580/725/611
f 465/726/612 523/752/638 521/727/613
f 520/729/615 563/779/661 587/730/616
f 547/724/610 590/723/609 593/731/617
f 476/732/618 475/757/643 554/733/619
f 468/735/621 469/740/626 535/736/622
f 476/732/618 557/734/620 560/738/624
f 469/740/626 471/744/630 541/741/627
f 470/742/628 477/739/625 560/738/624
f 471/744/630 470/742/628 538/743/629
f 527/702/589 568/701/588 565/745/631
f 464/728/614 521/727/613 545/747/633
f 472/748/634 545/747/633 548/749/635
f 466/751/637 526/756/642 523/752/638
f 474/753/639 473/750/636 548/749/635
f 467/755/641 529/764/644 526/756/642
f 474/753/639 551/754/640 554/733/619
f 468/735/621 532/737/623 529/758/644
f 524/746/632 520/729/615 522/760/645
f 522/760/645 521/727/613 523/752/638
f 524/746/632 525/761/646 528/762/647
f 525/761/646 523/752/638 526/756/642
f 527/702/589 528/762/647 531/763/648
f 528/762/647 526/756/642 529/764/644
f 530/708/587 531/766/648 534/765/649
f 531/766/648 529/758/644 532/737/623
f 536/711/597 533/706/593 534/765/649
f 537/767/650 534/765/649 532/737/623
f 536/711/597 537/767/650 543/768/651
f 543/768/651 537/767/650 535/736/622
f 542/715/601 543/768/651 540/769/652
f 540/769/652 543/768/651 541/741/627
f 521/727/613 522/760/645 546/770/653
f 522/760/645 520/729/615 544/722/608
f 548/749/635 545/747/633 546/770/653
f 546/770/653 544/722/608 547/724/610
f 551/754/640 548/749/635 549/771/654
f 549/771/654 547/724/610 550/703/590
f 554/733/619 551/754/640 552/772/655
f 555/773/656 552/772/655 550/703/590
f 557/734/620 554/733/619 555/773/656
f 558/774/657 555/773/656 553/705/592
f 560/738/624 557/734/620 558/774/657
f 558/774/657 556/710/596 559/714/600
f 538/743/629 560/738/624 561/775/658
f 540/769/652 561/775/658 559/714/600
f 562/776/659 564/795/673 567/777/660
f 567/777/660 564/795/673 563/779/661
f 566/778/605 567/777/660 570/780/662
f 570/780/662 567/777/660 565/745/631
f 572/782/663 569/781/603 570/780/662
f 573/783/664 570/780/662 568/701/588
f 572/785/663 573/788/664 576/786/665
f 573/788/664 571/707/594 574/712/598
f 575/787/666 576/786/665 579/789/667
f 576/786/665 574/712/598 577/716/602
f 578/790/668 579/789/667 585/791/669
f 585/791/669 579/789/667 577/716/602
f 584/792/670 585/791/669 582/793/671
f 582/793/671 585/791/669 583/721/607
f 587/730/616 563/779/661 564/795/673
f 564/795/673 562/776/659 586/797/675
f 590/723/609 587/730/616 588/796/674
f 588/796/674 586/797/675 589/799/677
f 593/731/617 590/723/609 591/798/676
f 591/798/676 589/799/677 592/801/679
f 593/731/617 594/800/678 597/802/680
f 597/802/680 594/800/678 592/801/679
f 596/704/591 597/802/680 600/804/682
f 597/802/680 595/803/681 598/805/683
f 602/713/599 599/709/595 600/804/682
f 600/804/682 598/805/683 601/807/685
f 580/725/611 602/713/599 603/806/684
f 603/806/684 601/807/685 581/794/672
f 524/746/632 565/745/631 563/779/661
f 621/808/263 642/977/263 643/809/263
f 575/811/666 578/833/668 609/812/604
f 566/719/605 604/718/604 605/814/604
f 586/816/675 612/829/604 613/817/604
f 595/819/681 615/831/604 616/820/604
f 581/822/672 601/835/685 617/823/604
f 572/825/663 575/811/666 608/813/604
f 584/827/670 581/822/672 611/824/604
f 562/815/659 605/814/604 612/829/604
f 595/819/681 592/834/679 614/830/604
f 572/825/663 607/826/604 606/832/604
f 578/833/668 584/827/670 610/828/604
f 592/834/679 589/818/677 613/817/604
f 601/835/685 598/821/683 616/820/604
f 630/836/686 620/978/686 622/837/686
f 618/839/263 619/853/263 621/808/263
f 630/840/263 631/979/263 618/839/263
f 622/841/262 645/980/262 644/842/262
f 629/844/687 636/981/687 618/845/687
f 637/847/262 623/843/262 624/848/262
f 623/850/688 621/982/688 625/851/688
f 619/853/263 626/983/263 625/854/263
f 665/855/689 663/929/713 673/856/690
f 634/858/76 631/877/76 630/859/76
f 633/860/76 630/859/76 628/861/76
f 632/862/76 628/861/76 629/863/76
f 637/865/692 627/984/692 626/866/692
f 607/868/263 634/985/263 633/869/263
f 614/871/693 633/986/693 632/872/693
f 607/874/694 608/987/694 635/875/694
f 635/864/76 629/863/76 631/877/76
f 608/878/262 615/988/262 632/879/262
f 605/814/604 604/718/604 612/829/604
f 604/718/604 606/832/604 612/829/604
f 606/832/604 607/826/604 612/829/604
f 607/826/604 614/830/604 612/829/604
f 616/820/604 615/831/604 617/823/604
f 615/831/604 608/813/604 617/823/604
f 608/813/604 609/812/604 610/828/604
f 610/828/604 611/824/604 617/823/604
f 629/881/262 628/989/262 622/841/262
f 636/882/262 622/841/262 623/843/262
f 643/883/695 642/990/695 644/884/695
f 640/886/696 638/991/696 639/887/696
f 623/889/697 644/992/697 642/890/697
f 618/839/263 641/993/263 639/892/263
f 636/882/262 637/847/262 638/893/262
f 619/895/698 639/994/698 638/896/698
f 622/898/699 620/995/699 643/899/699
f 618/901/700 636/996/700 640/902/700
f 626/904/604 627/915/604 651/905/604
f 673/856/690 663/929/713 657/907/701
f 669/909/703 667/940/721 677/910/704
f 661/912/706 659/935/718 674/913/707
f 627/915/604 624/918/604 653/916/604
f 624/918/604 625/922/604 649/919/604
f 626/904/604 647/923/604 648/921/604
f 677/910/704 667/940/721 665/855/689
f 670/924/709 655/936/719 661/912/706
f 674/913/707 659/935/718 669/909/703
f 664/928/712 662/938/710 663/929/713
f 654/930/714 655/943/719 657/907/701
f 666/932/715 667/940/721 669/909/703
f 660/934/717 658/939/720 659/935/718
f 660/934/717 661/912/706 655/936/719
f 662/938/710 656/931/711 657/907/701
f 658/939/720 668/933/716 669/909/703
f 666/932/715 664/928/712 665/855/689
f 670/941/709 647/997/732 646/942/722
f 670/941/709 671/908/702 657/907/701
f 649/944/723 674/913/707 675/911/705
f 648/946/725 647/998/732 670/924/709
f 650/947/726 653/948/727 677/910/704
f 672/914/708 674/913/707 649/944/723
f 652/945/724 675/911/705 677/910/704
f 651/949/728 673/856/690 671/908/702
f 676/857/691 673/856/690 651/949/728
